id,createdAt,updatedAt,publishedAt,revisedAt,title,author,cover,genre,tag,status,rating,isFavorable
tvati7ejpxb,2026-06-23T13:54:47.047Z,2026-06-23T13:54:47.047Z,2026-06-23T13:54:47.047Z,2026-06-23T13:54:47.047Z,作って学ぶブラウザのしくみ,土井麻未,[object Object],プログラミング,ブラウザ;web;Rust,unread,,false
yhw9fph9-mc,2026-06-23T13:53:51.322Z,2026-06-23T13:53:51.322Z,2026-06-23T13:53:51.322Z,2026-06-23T13:53:51.322Z,クリーンアーキテクチャ,Robert C.Martin ,[object Object],プログラミング,アーキテクチャ;プログラミング;,unread,,false
e9n7pcxckda,2026-06-23T13:52:50.831Z,2026-06-23T13:52:50.831Z,2026-06-23T13:52:50.831Z,2026-06-23T13:52:50.831Z,Docker実践ガイド,古賀政純,[object Object],プログラミング,プログラミング;Docker;,unread,,false
n6-3do6rrn,2026-06-23T13:51:48.076Z,2026-06-23T13:51:48.076Z,2026-06-23T13:51:48.076Z,2026-06-23T13:51:48.076Z,プロになるためのWeb技術入門,小森 裕介,[object Object],プログラミング,プログラミング;web,unread,,false
wocgtkfqy5,2026-06-17T10:45:13.285Z,2026-06-17T10:45:13.285Z,2026-06-17T10:45:13.285Z,2026-06-17T10:45:13.285Z,現代数学入門,遠山啓,[object Object],数学,数学;数学史;現代数学,unread,,false
w2_kfdrx72,2026-06-15T02:14:28.981Z,2026-06-15T02:14:28.981Z,2026-06-15T02:14:28.981Z,2026-06-15T02:14:28.981Z,PLURALITY　対立を創造に変える、協働テクノロジーと民主主義の未来,オードリー・タン　E・グレン・ワイル,[object Object],経済学,経済学;政治学;データ;テクノロジー,unread,,false
wns9gfqtk5is,2026-06-14T16:23:02.062Z,2026-06-14T16:23:02.062Z,2026-06-14T16:23:02.062Z,2026-06-14T16:23:02.062Z,超成熟社会発展の経済学,樋口美雄 駒村康平 齋藤潤,[object Object],経済学,経済学,unread,,false
h2thw_cdcqsu,2026-06-14T16:21:51.611Z,2026-06-14T16:21:51.611Z,2026-06-14T16:21:51.611Z,2026-06-14T16:21:51.611Z,原因を推論する,久米郁男,[object Object],思考法,政治学;思考法;因果推論,unread,,false
11dgf93l9hbn,2026-06-14T16:21:11.910Z,2026-06-14T16:21:11.910Z,2026-06-14T16:21:11.910Z,2026-06-14T16:21:11.910Z,世界史の新常識,文藝春秋編,[object Object],歴史学,歴史学;政治学,unread,,false
raohj22her,2026-06-14T16:05:50.889Z,2026-06-14T16:05:50.889Z,2026-06-14T16:05:50.889Z,2026-06-14T16:05:50.889Z,社会科学入門,奥和義 高瀬武典 松元雅和 杉本竜也,[object Object],その他,社会科学;経済学;社会学;政治学,unread,,false
la02izw760u,2026-06-14T16:04:22.617Z,2026-06-14T16:04:22.617Z,2026-06-14T16:04:22.617Z,2026-06-14T16:04:22.617Z,マキャヴェッリと『君主論』,佐々木毅,[object Object],政治学,政治学;マキャヴェッリ,unread,,false
3-yi8f8nk7xf,2026-06-14T16:00:20.676Z,2026-06-14T16:00:20.676Z,2026-06-14T16:00:20.676Z,2026-06-14T16:00:20.676Z,知識経済の形成,ジョエル・モキイア,[object Object],経済学,経済学;歴史;経済史,unread,,false
mvc1zinrp_9,2026-06-14T15:59:31.378Z,2026-06-14T15:59:31.378Z,2026-06-14T15:59:31.378Z,2026-06-14T15:59:31.378Z,完全独習ベイズ統計学入門,小島 寛之,[object Object],数学,統計学;数学;ベイズ統計,unread,,false
uomhfzgagy,2026-06-14T15:58:34.101Z,2026-06-14T15:58:34.101Z,2026-06-14T15:58:34.101Z,2026-06-14T15:58:34.101Z,本を読めなくなった人たち,稲田豊史,[object Object],その他,現代社会;社会学,unread,,false
1q87qsap7o2,2026-06-14T15:57:46.490Z,2026-06-14T15:57:46.490Z,2026-06-14T15:57:46.490Z,2026-06-14T15:57:46.490Z,天然知能,郡司ペギオ幸夫,[object Object],生物学,,unread,,false
vbw2ti_4y4,2026-06-14T15:57:12.598Z,2026-06-14T15:57:12.598Z,2026-06-14T15:57:12.598Z,2026-06-14T15:57:12.598Z,財務会計の思考法,田口聡志,[object Object],経営学,財務会計;経営学,unread,,false
ww1rp47qi,2026-06-14T15:56:38.444Z,2026-06-14T15:56:38.444Z,2026-06-14T15:56:38.444Z,2026-06-14T15:56:38.444Z,集合と位相,斎藤毅,[object Object],数学,集合;位相,unread,,false
bc4cnp8cp,2026-06-14T15:49:49.572Z,2026-06-14T15:56:06.838Z,2026-06-14T15:56:06.838Z,2026-06-14T15:56:06.838Z,マーケティングの力,恩蔵直人・坂下玄哲,[object Object],経営学,マーケティング;経営学,unread,,false
l2q1wu59c8d,2026-05-28T05:05:58.887Z,2026-05-28T05:05:58.887Z,2026-05-28T05:05:58.887Z,2026-05-28T05:05:58.887Z,応仁の乱,呉座勇一,[object Object],歴史学,日本史;応仁の乱;,unread,,false
3hvtylslaa5,2026-05-28T05:04:45.453Z,2026-05-28T05:04:45.453Z,2026-05-28T05:04:45.453Z,2026-05-28T05:04:45.453Z,チョコレートの世界史,武田尚子,[object Object],歴史学,世界史;チョコレート;,unread,,false
cc40qrb_rux,2026-05-26T07:31:15.701Z,2026-05-26T07:32:06.346Z,2026-05-26T07:32:06.346Z,2026-05-26T07:32:06.346Z,知識経済の形成,ジョエル・モキイア,[object Object],経済学,経済学;経済史;知識,unread,,false
mg3oz_s3rc,2026-05-26T07:30:19.217Z,2026-05-26T07:32:06.34Z,2026-05-26T07:32:06.34Z,2026-05-26T07:32:06.34Z,企業戦略論,ジェイ・B・バーニー,[object Object],経営学,経営学;競争戦略論,unread,,false
o3ig9t-ssepd,2026-05-26T07:29:41.339Z,2026-05-26T07:32:06.329Z,2026-05-26T07:32:06.329Z,2026-05-26T07:32:06.329Z,ゲーム理論,岡田 章,[object Object],経済学,経済学;ゲーム理論,unread,,false
fqaesi6q_l5c,2026-05-26T07:25:36.320Z,2026-05-26T07:32:06.343Z,2026-05-26T07:32:06.343Z,2026-05-26T07:32:06.343Z,組織の経済学,伊藤　秀史，小林　創，宮原　泰之,[object Object],経済学,経済学;産業組織論;経営学,unread,,false
vswbx80-i3uo,2026-05-26T07:23:59.596Z,2026-05-26T07:32:06.348Z,2026-05-26T07:32:06.348Z,2026-05-26T07:32:06.348Z,統計的学習の基礎,"Trevor Hastie, Robert Tibshirani, Jerome Friedman",[object Object],数学,統計的学習;数学;機械学習,unread,,false
1xbvkr04s8y,2026-05-25T04:08:03.283Z,2026-05-25T05:49:38.597Z,2026-05-25T05:49:38.597Z,2026-05-25T05:49:38.597Z,日本語の作文技術,本多勝一,[object Object],語学,日本語;文章術;ロングセラー,unread,,false
1e6mllcwowgb,2026-05-25T04:08:03.283Z,2026-05-25T05:49:38.472Z,2026-05-25T05:49:38.472Z,2026-05-25T05:49:38.472Z,現代数理統計学,竹村彰通,[object Object],数学,統計学;数理統計;教科書,unread,,true
gygtjodwa,2026-05-25T04:08:03.283Z,2026-05-25T05:49:38.609Z,2026-05-25T05:49:38.609Z,2026-05-25T05:49:38.609Z,現代数理統計学の基礎,久保川達也,[object Object],数学,統計学;共立出版;基礎,unread,,false
u2dqfe88aac,2026-05-25T04:08:03.283Z,2026-05-25T05:49:38.506Z,2026-05-25T05:49:38.506Z,2026-05-25T05:49:38.506Z,データ解析のための数理統計入門,久保川達也,[object Object],数学,データ解析;統計学;入門,unread,,true
1na-dbj12zsn,2026-05-25T04:08:03.283Z,2026-05-25T05:49:38.495Z,2026-05-25T05:49:38.495Z,2026-05-25T05:49:38.495Z,ミクロ経済学の力,神取道宏,[object Object],経済学,ミクロ経済学;理論;教科書,unread,,true
wzocn_48tu8n,2026-05-25T04:08:03.283Z,2026-05-25T05:49:38.641Z,2026-05-25T05:49:38.641Z,2026-05-25T05:49:38.641Z,モダンオペレーティングシステム 第5版 上,アンドリュー・S・タネンバウム / ハーバート・ボス,[object Object],コンピュータサイエンス,OS;オペレーティングシステム;技術書,unread,,true
io8bfeuc5in,2026-05-25T04:08:03.283Z,2026-05-25T05:49:38.459Z,2026-05-25T05:49:38.459Z,2026-05-25T05:49:38.459Z,世界標準の経営理論,入山章栄,[object Object],経営学,ビジネス;経営理論;MBA,unread,,false
05d7cw6dpd8,2026-05-25T04:08:03.283Z,2026-05-25T05:49:38.599Z,2026-05-25T05:49:38.599Z,2026-05-25T05:49:38.599Z,C++実践プログラミング,Steve Oualline,[object Object],プログラミング,C++;O'Reilly;開発,unread,,false
0dedzx5_pf,2026-05-25T04:08:03.283Z,2026-05-25T05:49:38.548Z,2026-05-25T05:49:38.548Z,2026-05-25T05:49:38.548Z,LINUXプログラミングインタフェース,Michael Kerrisk,[object Object],プログラミング,Linux;API;システムプログラミング,unread,,false
6gbvkmsbe,2026-05-25T04:08:03.283Z,2026-05-25T05:49:38.541Z,2026-05-25T05:49:38.541Z,2026-05-25T05:49:38.541Z,Real World HTTP 第2版,渋川よしき,[object Object],プログラミング,HTTP;Web;ネットワーク;O'Reilly,unread,,false
pegluzq7aq9i,2026-05-25T04:08:03.283Z,2026-05-25T05:49:38.627Z,2026-05-25T05:49:38.627Z,2026-05-25T05:49:38.627Z,問題解決力を鍛える！アルゴリズムとデータ構造,大槻兼資,[object Object],コンピュータサイエンス,アルゴリズム;データ構造;競技プログラミング,unread,,false
31xg8hp3ys,2026-05-25T04:08:03.283Z,2026-05-25T05:49:38.648Z,2026-05-25T05:49:38.648Z,2026-05-25T05:49:38.648Z,リレーショナルデータベース入門 [第3版],増永良文,[object Object],コンピュータサイエンス,SQL;RDB;データベース,unread,,false
sdhrv4_74,2026-05-25T04:08:03.283Z,2026-05-25T05:49:38.5Z,2026-05-25T05:49:38.5Z,2026-05-25T05:49:38.5Z,東京大学のデータサイエンティスト育成講座,松尾豊 (監修),[object Object],コンピュータサイエンス,Python;機械学習;データ分析,unread,,false
rzlltbunid,2026-05-25T04:08:03.283Z,2026-05-25T05:49:38.644Z,2026-05-25T05:49:38.644Z,2026-05-25T05:49:38.644Z,JavaScript本格入門,山田祥寛,[object Object],プログラミング,JavaScript;Web開発;入門,unread,,false
iwuhccwpn4,2026-05-25T04:08:03.283Z,2026-05-25T05:49:38.611Z,2026-05-25T05:49:38.611Z,2026-05-25T05:49:38.611Z,本気で学ぶ Linux実践入門,大竹龍史 / 山本道子,[object Object],コンピュータサイエンス,Linux;サーバー;運用,unread,,false
pqon4ck3k,2026-05-25T04:08:03.283Z,2026-05-25T05:49:38.573Z,2026-05-25T05:49:38.573Z,2026-05-25T05:49:38.573Z,ネットワークはなぜつながるのか 第2版,戸根勤,[object Object],コンピュータサイエンス,TCP/IP;インフラ;入門,unread,,false
3icorm-th60b,2026-05-25T04:08:03.283Z,2026-05-25T05:49:38.446Z,2026-05-25T05:49:38.446Z,2026-05-25T05:49:38.446Z,プログラムはなぜ動くのか 第3版,矢沢久雄,[object Object],コンピュータサイエンス,ハードウェア;基礎知識;仕組み,unread,,false
fophyh14s,2026-05-25T04:08:03.283Z,2026-05-25T05:49:38.639Z,2026-05-25T05:49:38.639Z,2026-05-25T05:49:38.639Z,プログラマの考え方がおもしろいほど身につく本,V. Anton Spraul,[object Object],プログラミング,思考法;問題解決;アルゴリズム,unread,,false
ek1p6phey,2026-05-25T04:08:03.283Z,2026-05-25T05:49:38.568Z,2026-05-25T05:49:38.568Z,2026-05-25T05:49:38.568Z,この一冊で全部わかる サーバーの基本,きはしまさひろ,[object Object],コンピュータサイエンス,サーバー;インフラ;入門,unread,,false
q52p5e-52,2026-05-25T04:08:03.283Z,2026-05-25T05:49:38.522Z,2026-05-25T05:49:38.522Z,2026-05-25T05:49:38.522Z,詳解 シェルスクリプト,Arnold Robbins / Nelson H. F. Beebe,[object Object],プログラミング,Shell;Linux;O'Reilly,unread,,false
vbpia77clkuy,2026-05-25T04:08:03.283Z,2026-05-25T05:49:38.484Z,2026-05-25T05:49:38.484Z,2026-05-25T05:49:38.484Z,マスタリングTCP/IP 入門編 第6版,井上直也 他,[object Object],コンピュータサイエンス,TCP/IP;ネットワーク;教科書,unread,,false
rnz-qh4acso,2026-05-25T04:08:03.283Z,2026-05-25T05:49:38.57Z,2026-05-25T05:49:38.57Z,2026-05-25T05:49:38.57Z,社会科学の哲学 入門,吉田敬,[object Object],哲学,社会科学;科学哲学;入門,unread,,false
slguc8ag9,2026-05-25T04:08:03.283Z,2026-05-25T05:49:38.582Z,2026-05-25T05:49:38.582Z,2026-05-25T05:49:38.582Z,死とは何か,シェーリーケーガン,[object Object],哲学,死;哲学;倫理,unread,,false
q8rs0sphux,2026-05-25T04:08:03.283Z,2026-05-25T05:49:38.594Z,2026-05-25T05:49:38.594Z,2026-05-25T05:49:38.594Z,濃霧の中の方向感覚,鷲田清一,[object Object],哲学,哲学;倫理;臨床哲学,unread,,false
2bj2_wb7a,2026-05-25T04:08:03.283Z,2026-05-25T05:49:38.575Z,2026-05-25T05:49:38.575Z,2026-05-25T05:49:38.575Z,中動態の世界 意志と責任の考古学,國分功一郎,[object Object],哲学,中動態;言語学;哲学,unread,,false
2ii-7iwgg,2026-05-25T04:08:03.283Z,2026-05-25T05:49:38.492Z,2026-05-25T04:45:33.291Z,2026-05-25T05:49:38.492Z,エルサレムのアイヒマン 悪の陳腐さについての報告,ハンナ・アーレント,[object Object],哲学,ホロコースト;政治哲学;倫理,unread,,false
l_nr4rycv_c,2026-05-25T04:08:03.283Z,2026-05-25T05:49:38.519Z,2026-05-25T05:49:38.519Z,2026-05-25T05:49:38.519Z,自由からの逃走,エーリッヒ・フロム,[object Object],哲学,自由;ファシズム;心理学,unread,,false
kqp11al7n6,2026-05-25T04:08:03.283Z,2026-05-25T05:49:38.468Z,2026-05-25T05:49:38.468Z,2026-05-25T05:49:38.468Z,共感の正体,山竹伸二,[object Object],哲学,共感;現象学;心理療法,unread,,false
b8qgrif8poh,2026-05-25T04:08:03.283Z,2026-05-25T05:49:38.503Z,2026-05-25T05:49:38.503Z,2026-05-25T05:49:38.503Z,生成と消滅の精神史,下西風澄,[object Object],哲学,精神史;哲学;生命,unread,,false
v_qy6h7dg,2026-05-25T04:08:03.283Z,2026-05-25T05:49:38.565Z,2026-05-25T05:49:38.565Z,2026-05-25T05:49:38.565Z,知の考古学,ミシェル・フーコー,[object Object],哲学,構造主義;認識論;フランス現代思想,unread,,false
izhg8981e,2026-05-25T04:08:03.283Z,2026-05-25T05:49:38.478Z,2026-05-25T05:49:38.478Z,2026-05-25T05:49:38.478Z,スピノザ (人類の知的遺産 35),工藤喜作,[object Object],哲学,スピノザ;伝記;思想解説,unread,,false
xxlzfe7nd42,2026-05-25T04:08:03.283Z,2026-05-25T05:49:38.486Z,2026-05-25T05:49:38.486Z,2026-05-25T05:49:38.486Z,夜と霧 新版,ヴィクトール・E・フランクル,[object Object],哲学,ホロコースト;実存主義;心理学,unread,,false
b-_fo5k96tk,2026-05-25T04:08:03.283Z,2026-05-25T05:49:38.586Z,2026-05-25T05:49:38.586Z,2026-05-25T05:49:38.586Z,隷属への道,F・A・ハイエク,[object Object],経済学,自由主義;社会主義;経済思想,unread,,false
xg27qxutpt,2026-05-25T04:08:03.283Z,2026-05-25T05:49:38.462Z,2026-05-25T05:49:38.462Z,2026-05-25T05:49:38.462Z,哲学者たちのワンダーランド,上野修,[object Object],哲学,哲学;思想史;入門,unread,,false
v8omknppduvo,2026-05-25T04:08:03.283Z,2026-05-25T05:49:38.553Z,2026-05-25T05:49:38.553Z,2026-05-25T05:49:38.553Z,武器になる哲学,山口周,[object Object],哲学,哲学;思考法;ビジネス教養,unread,,false
mlyg2zncit,2026-05-25T04:08:03.283Z,2026-05-25T05:49:38.516Z,2026-05-25T05:49:38.516Z,2026-05-25T05:49:38.516Z,破門の哲学 スピノザの生涯と思想,清水禮子,[object Object],哲学,スピノザ;ユダヤ教;オランダ,unread,,false
anei2wtflr,2026-05-25T04:08:03.283Z,2026-05-25T05:49:38.602Z,2026-05-25T05:49:38.602Z,2026-05-25T05:49:38.602Z,リーダブルコード,Dustin Boswell / Trevor Foucher,[object Object],プログラミング,コーディング;リファクタリング;品質,unread,,false
e7_p6bym-692,2026-05-25T04:08:03.283Z,2026-05-25T05:49:38.653Z,2026-05-25T05:49:38.653Z,2026-05-25T05:49:38.653Z,スピノザ『神学政治論』を読む,上野修,[object Object],哲学,スピノザ;政治哲学;聖書解釈,unread,,false
3hhsdmi8x0o1,2026-05-25T04:08:03.283Z,2026-05-25T05:49:38.578Z,2026-05-25T05:49:38.578Z,2026-05-25T05:49:38.578Z,はじめてのスピノザ 自由へのエチカ,國分功一郎,[object Object],哲学,スピノザ;エチカ;入門,unread,,false
sj0x0t3-b,2026-05-25T04:08:03.283Z,2026-05-25T05:49:38.551Z,2026-05-25T05:49:38.551Z,2026-05-25T05:49:38.551Z,スピノザ 「変性の哲学者」の思想世界,加藤節,[object Object],哲学,スピノザ;政治思想;思想史,unread,,false
hvx8ro6127v,2026-05-25T04:08:03.283Z,2026-05-25T05:49:38.531Z,2026-05-25T05:49:38.531Z,2026-05-25T05:49:38.531Z,知の教科書 スピノザ,チャールズ・ジャレット,[object Object],哲学,スピノザ;解説書;哲学史,unread,,false
8k2q8e76i,2026-05-25T04:08:03.283Z,2026-05-25T05:49:38.51Z,2026-05-25T05:49:38.51Z,2026-05-25T05:49:38.51Z,スピノザ 人間の自由の哲学,吉田量彦,[object Object],哲学,スピノザ;自由;現代新書,unread,,false
vbvkt729mk,2026-05-25T04:08:03.283Z,2026-05-25T05:49:38.456Z,2026-05-25T05:49:38.456Z,2026-05-25T05:49:38.456Z,愛するということ,エーリッヒ・フロム,[object Object],哲学,愛;人間関係;ベストセラー,unread,,false
3ntz_imhqze,2026-05-25T04:08:03.283Z,2026-05-25T05:49:38.525Z,2026-05-25T05:49:38.525Z,2026-05-25T05:49:38.525Z,UNIXという考え方,Mike Gancarz,[object Object],コンピュータサイエンス,UNIX;設計思想;哲学,unread,,false
xdx2powsrre,2026-05-25T04:08:03.283Z,2026-05-25T05:49:38.546Z,2026-05-25T05:49:38.546Z,2026-05-25T05:49:38.546Z,Webを支える技術,山本陽平,[object Object],コンピュータサイエンス,HTTP;REST;Webアーキテクチャ,unread,,false
ir5kgjvv9,2026-05-25T04:08:03.283Z,2026-05-25T05:49:38.566Z,2026-05-25T05:49:38.566Z,2026-05-25T05:49:38.566Z,独習Git,Rick Umali,[object Object],プログラミング,Git;バージョン管理;入門,unread,,false
d6gct-5fjh5h,2026-05-25T04:08:03.283Z,2026-05-25T05:49:38.613Z,2026-05-25T05:49:38.613Z,2026-05-25T05:49:38.613Z,実用 Git 第3版,Prem Kumar Ponuthorai / Jon Loeliger,[object Object],プログラミング,Git;O'Reilly;バージョン管理,unread,,false
f_i1u5n8v3,2026-05-25T04:08:03.283Z,2026-05-25T05:49:38.56Z,2026-05-25T05:49:38.56Z,2026-05-25T05:49:38.56Z,入門 データ構造とアルゴリズム,Narasimha Karumanchi,[object Object],コンピュータサイエンス,アルゴリズム;データ構造;O'Reilly,unread,,false
s97pbnr4dx,2026-05-25T04:08:03.283Z,2026-05-25T05:49:38.562Z,2026-05-25T05:49:38.562Z,2026-05-25T05:49:38.562Z,勉強の哲学 来たるべきバカのために,千葉雅也,[object Object],哲学,勉強法;現代思想;文春文庫,unread,,false
9tte_yyf_2r,2026-05-25T04:08:03.283Z,2026-05-25T05:49:38.482Z,2026-05-25T05:49:38.482Z,2026-05-25T05:49:38.482Z,哲学の先生と人生の話をしよう,國分功一郎,[object Object],哲学,人生論;対話;朝日文庫,unread,,false
w343lwndyr6,2026-05-25T04:08:03.283Z,2026-05-25T05:49:38.615Z,2026-05-25T05:49:38.615Z,2026-05-25T05:49:38.615Z,西洋哲学史 近代から現代へ,熊野純彦,[object Object],哲学,哲学史;岩波新書;教科書,unread,,false
h8feg4lx5zh,2026-05-25T04:08:03.283Z,2026-05-25T05:49:38.619Z,2026-05-25T05:49:38.619Z,2026-05-25T05:49:38.619Z,「いき」の構造,九鬼周造,[object Object],哲学,美学;日本文化;岩波文庫,unread,,false
hx3wqodaql,2026-05-25T04:08:03.283Z,2026-05-25T05:49:38.65Z,2026-05-25T05:49:38.65Z,2026-05-25T05:49:38.65Z,デカルト入門講義,冨田恭彦,[object Object],哲学,デカルト;近代哲学;ちくま学芸文庫,unread,,false
e-xd2jfk85a4,2026-05-25T04:08:03.283Z,2026-05-26T03:05:46.386Z,2026-05-25T05:49:38.475Z,2026-05-26T03:05:46.386Z,暇と退屈の倫理学,國分功一郎,[object Object],哲学,倫理学;消費社会;新潮文庫,unread,,true
os0h2xkby551,2026-05-25T04:08:03.283Z,2026-05-25T05:49:38.591Z,2026-05-25T05:49:38.591Z,2026-05-25T05:49:38.591Z,はじめての構造主義,橋爪大三郎,[object Object],哲学,構造主義;入門;講談社現代新書,unread,,false
plu_efxdkdj,2026-05-25T04:08:03.283Z,2026-05-25T05:49:38.632Z,2026-05-25T05:49:38.632Z,2026-05-25T05:49:38.632Z,はじめてのフッサール『現象学の理念』,竹田青嗣,[object Object],哲学,フッサール;現象学;講談社現代新書,unread,,false
0316ztksmc6l,2026-05-25T04:08:03.283Z,2026-05-25T05:49:38.589Z,2026-05-25T05:49:38.589Z,2026-05-25T05:49:38.589Z,ハンナ・アレント全体主義という悪魔,牧野雅彦,[object Object],哲学,アレント;全体主義;思想史,unread,,false
wl48ekde5t,2026-05-25T04:08:03.283Z,2026-05-25T05:49:38.535Z,2026-05-25T05:49:38.535Z,2026-05-25T05:49:38.535Z,ハイデガー『存在と時間』入門,轟孝夫,[object Object],哲学,ハイデガー;実存主義;講談社現代新書,unread,,false
oe13x94sn,2026-05-25T04:08:03.283Z,2026-05-25T05:49:38.625Z,2026-05-25T05:49:38.625Z,2026-05-25T05:49:38.625Z,人間の建設,"小林秀雄,岡潔",[object Object],哲学,随筆;人間論;新潮文庫,unread,,false
hak5mtfpvwj,2026-05-25T04:08:03.283Z,2026-05-25T05:49:38.512Z,2026-05-25T05:49:38.512Z,2026-05-25T05:49:38.512Z,暗黙知の次元,マイケル・ポランニー,[object Object],哲学,科学哲学;認識論;ちくま学芸文庫,unread,,false
g9giwq9o0jq,2026-05-25T04:08:03.283Z,2026-05-25T05:49:38.529Z,2026-05-25T05:49:38.529Z,2026-05-25T05:49:38.529Z,カント入門,石川文康,[object Object],哲学,カント;批判哲学;ちくま新書,unread,,false
9ocg9xn0735b,2026-05-25T04:08:03.283Z,2026-05-25T05:49:38.635Z,2026-05-25T05:49:38.635Z,2026-05-25T05:49:38.635Z,カント入門講義,冨田恭彦,[object Object],哲学,カント;超越論的観念論;ちくま学芸文庫,unread,,false
j9p8_31tam5,2026-05-25T04:08:03.283Z,2026-05-25T05:49:38.605Z,2026-05-25T05:49:38.605Z,2026-05-25T05:49:38.605Z,イスラーム文化,井筒俊彦,[object Object],歴史学,イスラーム;文化;岩波文庫,unread,,false
xgeu717dk,2026-05-25T04:08:03.283Z,2026-05-25T05:49:38.499Z,2026-05-25T05:49:38.499Z,2026-05-25T05:49:38.499Z,日本の思想,丸山真男,[object Object],哲学,日本思想;政治学;岩波新書,unread,,false
t_u_ns8j-z,2026-05-25T04:08:03.283Z,2026-05-25T05:49:38.556Z,2026-05-25T05:49:38.556Z,2026-05-25T05:49:38.556Z,ユダヤ キリスト イスラム 集中講座,井沢元彦,[object Object],宗教学,一神教;歴史;徳間文庫,unread,,false
jvtcg7r0cikt,2026-05-25T04:08:03.283Z,2026-05-25T05:49:38.537Z,2026-05-25T05:49:38.537Z,2026-05-25T05:49:38.537Z,手段からの解放,國分功一郎,[object Object],哲学,倫理学;現代思想;講談社文庫,unread,,false
ycv_2gw_3hh,2026-05-25T04:08:03.283Z,2026-05-25T05:49:38.527Z,2026-05-25T05:49:38.527Z,2026-05-25T05:49:38.527Z,方法序説,デカルト,[object Object],哲学,近代哲学;合理主義;岩波文庫,unread,,false
6tbvm9ymi,2026-05-25T04:08:03.283Z,2026-05-25T05:49:38.49Z,2026-05-25T05:49:38.49Z,2026-05-25T05:49:38.49Z,モナドロジー 他二篇,ライプニッツ,[object Object],哲学,形而上学;モナド;岩波文庫,unread,,false
8da815ak-xc,2026-05-25T04:08:03.283Z,2026-05-25T05:49:38.466Z,2026-05-25T05:49:38.466Z,2026-05-25T05:49:38.466Z,道徳形而上学の基礎づけ,カント,[object Object],哲学,倫理学;定言命法;岩波文庫,unread,,false
rdsbdd6mwxsc,2026-05-25T04:08:03.283Z,2026-05-25T05:49:38.584Z,2026-05-25T05:49:38.584Z,2026-05-25T05:49:38.584Z,これがニーチェだ,永井均,[object Object],哲学,ニーチェ;実存主義;講談社現代新書,unread,,false
gl2et-ss_s,2026-05-25T04:08:03.283Z,2026-05-25T05:49:38.508Z,2026-05-25T05:49:38.508Z,2026-05-25T05:49:38.508Z,ノヴム・オルガヌム,ベーコン,[object Object],哲学,経験論;科学的方法;岩波文庫,unread,,false
hnjzdrley2,2026-05-25T04:08:03.283Z,2026-05-25T05:49:38.543Z,2026-05-25T05:49:38.543Z,2026-05-25T05:49:38.543Z,パンセ,パスカル,[object Object],哲学,キリスト教;人間論;中公文庫,unread,,false
w5k19zx0xny1,2026-05-25T04:08:03.283Z,2026-05-25T05:49:38.622Z,2026-05-25T05:49:38.622Z,2026-05-25T05:49:38.622Z,現象学とは何か,新田義弘,[object Object],哲学,現象学;フッサール;講談社学術文庫,unread,,false
9qqrz_l3kpe,2026-05-25T04:08:03.283Z,2026-05-25T05:49:38.63Z,2026-05-25T05:49:38.63Z,2026-05-25T05:49:38.63Z,これが現象学だ,谷徹,[object Object],哲学,現象学;入門;講談社現代新書,unread,,false
dfa6cnhacbny,2026-05-25T04:08:03.283Z,2026-05-25T05:49:38.521Z,2026-05-25T05:49:38.521Z,2026-05-25T05:49:38.521Z,はじめての哲学史,竹田青嗣 / 西研,[object Object],哲学,哲学史;入門;有斐閣アルマ,unread,,false
46sm0srx3lk,2026-05-25T04:08:03.283Z,2026-05-26T05:00:37.33Z,2026-05-26T05:00:37.33Z,2026-05-26T05:00:37.33Z,哲学入門,バートランド・ラッセル,[object Object],哲学,分析哲学;認識論;ちくま学芸文庫,unread,,false
4dsnzxy3g,2026-05-25T04:08:03.283Z,2026-05-26T05:00:37.332Z,2026-05-26T05:00:37.332Z,2026-05-26T05:00:37.332Z,差別感情の哲学,中島義道,[object Object],哲学,倫理学;社会哲学;講談社学術文庫,unread,,false
dr4_ovik9fu0,2026-05-25T04:08:03.283Z,2026-05-26T05:00:37.341Z,2026-05-26T05:00:37.341Z,2026-05-26T05:00:37.341Z,読書について,ショウペンハウエル,[object Object],哲学,読書論;随筆;岩波文庫,unread,,false
dnz6xnxxdef0,2026-05-25T04:08:03.283Z,2026-05-26T05:00:37.339Z,2026-05-26T05:00:37.339Z,2026-05-26T05:00:37.339Z,目的への抵抗,國分功一郎,[object Object],哲学,自由意志;倫理学;講談社文庫,unread,,false
r93umo5l8-7,2026-05-25T04:08:03.283Z,2026-05-26T05:00:37.362Z,2026-05-26T05:00:37.362Z,2026-05-26T05:00:37.362Z,ラッセル幸福論,ラッセル,[object Object],哲学,幸福論;人生論;岩波文庫,unread,,false
3gq7r42_7,2026-05-25T04:08:03.283Z,2026-05-26T05:00:37.314Z,2026-05-26T05:00:37.314Z,2026-05-26T05:00:37.314Z,科学史・科学哲学入門,村上陽一郎,[object Object],哲学,科学史;科学哲学;講談社学術文庫,unread,,false
w9ktgjko9f,2026-05-25T04:08:03.283Z,2026-05-26T05:00:37.281Z,2026-05-26T05:00:37.281Z,2026-05-26T05:00:37.281Z,自省録,マルクス・アウレーリウス,[object Object],哲学,ストア派;古代ローマ;岩波文庫,unread,,false
s3mf5ljlrom,2026-05-25T04:08:03.283Z,2026-05-26T05:00:37.353Z,2026-05-26T05:00:37.353Z,2026-05-26T05:00:37.353Z,類推と思考,鈴木宏昭,[object Object],思考法,認知科学;思考法;ちくま学芸文庫,unread,,false
15941cof1dg8,2026-05-25T04:08:03.283Z,2026-05-26T05:00:37.351Z,2026-05-26T05:00:37.351Z,2026-05-26T05:00:37.351Z,ソクラテスの弁明 クリトン,プラトン,[object Object],哲学,古代ギリシア;ソクラテス;岩波文庫,unread,,false
phvvt7bwmj1n,2026-05-25T04:08:03.283Z,2026-05-26T05:00:37.279Z,2026-05-26T05:00:37.279Z,2026-05-26T05:00:37.279Z,スピノザ-読む人の肖像-,國分功一郎,[object Object],哲学,スピノザ;伝記;思想解説,unread,,false
hz7rhgytvg,2026-05-25T04:08:03.283Z,2026-05-26T05:00:37.254Z,2026-05-26T05:00:37.254Z,2026-05-26T05:00:37.254Z,この一冊で「聖書」がわかる！,白取春彦,[object Object],宗教学,聖書;キリスト教;三笠書房,unread,,false
91kyz4x1t,2026-05-25T04:08:03.283Z,2026-05-26T05:00:37.346Z,2026-05-26T05:00:37.346Z,2026-05-26T05:00:37.346Z,人はなぜ宗教を必要とするのか,阿満利麿,[object Object],宗教学,宗教学;日本人論;ちくま新書,unread,,false
6o02n_-7u,2026-05-25T04:08:03.283Z,2026-05-26T05:00:37.287Z,2026-05-26T05:00:37.287Z,2026-05-26T05:00:37.287Z,生物から見た世界,ユクスキュル / クリサート,[object Object],生物学,環世界;動物行動学;岩波文庫,unread,,false
5d8bf9onf7b,2026-05-25T04:08:03.283Z,2026-05-26T05:00:37.358Z,2026-05-26T05:00:37.358Z,2026-05-26T05:00:37.358Z,知性改善論,バールーフ・デ・スピノザ,[object Object],哲学,スピノザ;認識論;講談社学術文庫,unread,,false
d0ytwhpti899,2026-05-25T04:08:03.283Z,2026-05-26T05:00:37.285Z,2026-05-26T05:00:37.285Z,2026-05-26T05:00:37.285Z,エチカ (下),スピノザ,[object Object],哲学,倫理学;汎神論;岩波文庫,unread,,false
q2-kb1ss0,2026-05-25T04:08:03.283Z,2026-05-26T05:00:37.275Z,2026-05-26T05:00:37.275Z,2026-05-26T05:00:37.275Z,弓と禅,オイゲン・ヘリゲル,[object Object],哲学,禅;武道;角川ソフィア文庫,unread,,false
e6ssct047fu,2026-05-25T04:08:03.283Z,2026-05-26T05:00:37.269Z,2026-05-26T05:00:37.269Z,2026-05-26T05:00:37.269Z,構造と力,浅田彰,[object Object],哲学,ポスト構造主義;現代思想;勁草書房,unread,,false
05_z1x1wq,2026-05-25T04:08:03.283Z,2026-05-26T05:00:37.327Z,2026-05-26T05:00:37.327Z,2026-05-26T05:00:37.327Z,神学・政治論 (下),スピノザ,[object Object],哲学,政治哲学;聖書解釈;光文社古典新訳文庫,unread,,false
o17ws46y85,2026-05-25T04:08:03.283Z,2026-05-26T05:00:37.266Z,2026-05-26T05:00:37.266Z,2026-05-26T05:00:37.266Z,科学哲学への招待,野家啓一,[object Object],哲学,科学哲学;入門;ちくま学芸文庫,unread,,false
bcwule5310,2026-05-25T04:08:03.283Z,2026-05-26T05:00:37.318Z,2026-05-26T05:00:37.318Z,2026-05-26T05:00:37.318Z,西洋哲学史,野田又夫,[object Object],哲学,哲学史;概説;ちくま学芸文庫,unread,,false
qwvqeux-v5k,2026-05-25T04:08:03.283Z,2026-05-26T05:00:37.32Z,2026-05-26T05:00:37.32Z,2026-05-26T05:00:37.32Z,責任と判断,ハンナ・アレント,[object Object],哲学,政治哲学;道徳;ちくま学芸文庫,unread,,false
87o_y4o0e,2026-05-25T04:08:03.283Z,2026-05-26T05:00:37.273Z,2026-05-26T05:00:37.273Z,2026-05-26T05:00:37.273Z,近代科学を超えて,村上陽一郎,[object Object],哲学,科学論;パラダイム;講談社学術文庫,unread,,false
gf-guib47m0,2026-05-25T04:08:03.283Z,2026-05-26T05:00:37.356Z,2026-05-26T05:00:37.356Z,2026-05-26T05:00:37.356Z,道徳の系譜,ニーチェ,[object Object],哲学,倫理学;ルサンチマン;岩波文庫,unread,,false
aoi__8f75,2026-05-25T04:08:03.283Z,2026-05-26T05:00:37.343Z,2026-05-26T05:00:37.343Z,2026-05-26T05:00:37.343Z,無常の日本精神史 ありてなければ,竹内整一,[object Object],哲学,日本文化;精神史;角川ソフィア文庫,unread,,false
33h9pp8b-0a,2026-05-25T04:08:03.283Z,2026-05-26T05:00:37.277Z,2026-05-26T05:00:37.277Z,2026-05-26T05:00:37.277Z,人類の歴史を変えた8つのできごと I,眞 淳平,[object Object],歴史学,歴史;言語;宗教;岩波ジュニア新書,unread,,false
ft3rgv6qfm,2026-05-25T04:08:03.283Z,2026-05-26T05:09:29.295Z,2026-05-26T05:09:29.295Z,2026-05-26T05:09:29.295Z,キリスト教思想への招待,田川建三,[object Object],宗教学,キリスト教;思想;宗教,unread,,false
5zio4_5ts9x2,2026-05-25T04:08:03.283Z,2026-05-26T05:09:29.267Z,2026-05-26T05:09:29.267Z,2026-05-26T05:09:29.267Z,完全教祖マニュアル,架神恭介/辰巳一世,[object Object],宗教学,宗教;マニュアル;ちくま新書,unread,,false
7mefyo0zxor,2026-05-25T04:08:03.283Z,2026-05-26T05:09:29.302Z,2026-05-26T05:09:29.302Z,2026-05-26T05:09:29.302Z,歴史から理論を創造する方法,保城広至,[object Object],歴史学,社会科学;歴史学;研究法,unread,,false
3dpdgyems,2026-05-25T04:08:03.283Z,2026-05-26T05:09:29.251Z,2026-05-26T05:09:29.251Z,2026-05-26T05:09:29.251Z,歴史とは何か,E.H. カー,[object Object],歴史学,歴史哲学;古典;岩波新書,unread,,false
7xjc-9-i0,2026-05-25T04:08:03.283Z,2026-05-26T05:09:29.243Z,2026-05-26T05:09:29.243Z,2026-05-26T05:09:29.243Z,金融の世界史,板谷敏彦,[object Object],経済学,金融;世界史;バブル;新潮選書,unread,,false
cn8lq-5dz,2026-05-25T04:08:03.283Z,2026-05-26T05:09:29.255Z,2026-05-26T05:09:29.255Z,2026-05-26T05:09:29.255Z,フランス史10講,柴田三千雄,[object Object],歴史学,フランス;歴史;岩波新書,unread,,false
8m2yujif5s,2026-05-25T04:08:03.283Z,2026-05-26T05:09:29.259Z,2026-05-26T05:09:29.259Z,2026-05-26T05:09:29.259Z,フランス革命,遅塚忠躬,[object Object],歴史学,フランス革命;歴史;岩波ジュニア新書,unread,,false
jj3etfm0mz,2026-05-25T04:08:03.283Z,2026-05-26T05:09:29.23Z,2026-05-26T05:09:29.23Z,2026-05-26T05:09:29.23Z,あの国の本当の思惑を見抜く 地政学,社會部部長,[object Object],その他,地政学;国際情勢,unread,,false
v1h-yo5rudm,2026-05-25T04:08:03.283Z,2026-05-26T05:09:29.27Z,2026-05-26T05:09:29.27Z,2026-05-26T05:09:29.27Z,銃・病原菌・鉄,ジャレド・ダイアモンド,[object Object],歴史学,文明史;環境史;ベストセラー,unread,,false
0lb2z7zpl0o,2026-05-25T04:08:03.283Z,2026-05-26T05:09:29.33Z,2026-05-26T05:09:29.33Z,2026-05-26T05:09:29.33Z,ハプスブルク帝国,岩崎周一,[object Object],歴史学,ハプスブルク家;ヨーロッパ史;講談社現代新書,unread,,false
oxv--wbgum,2026-05-25T04:08:03.283Z,2026-05-26T05:09:29.247Z,2026-05-26T05:09:29.247Z,2026-05-26T05:09:29.247Z,歴史学の方法,マックス・ヴェーバー,[object Object],歴史学,社会学;方法論;古典,unread,,false
lhyb_tc-y,2026-05-25T04:08:03.283Z,2026-05-26T05:09:29.274Z,2026-05-26T05:09:29.274Z,2026-05-26T05:09:29.274Z,砂糖の世界史,川北 稔,[object Object],歴史学,砂糖;世界史;モノの歴史;岩波ジュニア新書,unread,,false
b3n1psgrb,2026-05-25T04:08:03.283Z,2026-05-26T05:09:29.327Z,2026-05-26T05:09:29.327Z,2026-05-26T05:09:29.327Z,イタリア史10講,北村暁夫,[object Object],歴史学,イタリア;歴史;岩波新書,unread,,false
jxi6m8m_i,2026-05-25T04:08:03.283Z,2026-05-26T05:09:29.249Z,2026-05-26T05:09:29.249Z,2026-05-26T05:09:29.249Z,日本国紀,百田尚樹,[object Object],歴史学,日本史;通史;ベストセラー,unread,,false
qshwd20z0k0,2026-05-25T04:08:03.283Z,2026-05-26T05:09:29.277Z,2026-05-26T05:09:29.277Z,2026-05-26T05:09:29.277Z,いっきに学び直す日本史,安藤達朗,[object Object],歴史学,日本史;学び直し,unread,,false
brgecvzic,2026-05-25T04:08:03.283Z,2026-05-26T05:09:29.323Z,2026-05-26T05:09:29.323Z,2026-05-26T05:09:29.323Z,マーガレット・サッチャー 政治を変えた「鉄の女」,冨田浩司,[object Object],歴史学,サッチャー;イギリス史;伝記,unread,,false
v1xd5swzzq65,2026-05-25T04:08:03.283Z,2026-05-26T05:09:29.309Z,2026-05-26T05:09:29.309Z,2026-05-26T05:09:29.309Z,世界史 (上),ウィリアム・H・マクニール,[object Object],歴史学,世界史;通史;中公文庫,unread,,false
asgpe57_30,2026-05-25T04:08:03.283Z,2026-05-26T05:09:29.338Z,2026-05-26T05:09:29.338Z,2026-05-26T05:09:29.338Z,ナチズムとユダヤ人 アイヒマンの人間像,村松剛,[object Object],歴史学,ナチズム;ホロコースト;伝記,unread,,false
8nl0n6dg86,2026-05-25T04:08:03.283Z,2026-05-26T05:09:29.306Z,2026-05-26T05:09:29.306Z,2026-05-26T05:09:29.306Z,サピエンス全史 (上),ユヴァル・ノア・ハラリ,[object Object],歴史学,人類史;文明;ベストセラー,unread,,false
wr8prlj5a,2026-05-25T04:08:03.283Z,2026-05-26T05:09:29.334Z,2026-05-26T05:09:29.334Z,2026-05-26T05:09:29.334Z,正倉院,杉本一樹,[object Object],歴史学,正倉院;日本史;文化財;中公新書,unread,,false
lxfns1mc3,2026-05-25T04:08:03.283Z,2026-05-26T05:09:29.281Z,2026-05-26T05:09:29.281Z,2026-05-26T05:09:29.281Z,世間体の構造,井上忠司,[object Object],心理学,社会心理;日本人;世間体,unread,,false
8j1z68e_6b,2026-05-25T04:08:03.283Z,2026-05-26T05:09:29.315Z,2026-05-26T05:09:29.315Z,2026-05-26T05:09:29.315Z,なぜ歴史を学ぶのか,リン・ハント,[object Object],歴史学,歴史学;教養;岩波書店,unread,,false
lnhiea8hje7,2026-05-25T04:08:03.283Z,2026-05-26T05:09:29.289Z,2026-05-26T05:09:29.289Z,2026-05-26T05:09:29.289Z,世界史の構造,柄谷行人,[object Object],哲学,世界史;思想;構造;岩波現代文庫,unread,,false
g6g5da64yn7b,2026-05-25T04:08:03.283Z,2026-05-26T05:09:29.285Z,2026-05-26T05:09:29.285Z,2026-05-26T05:09:29.285Z,全世界史 (上),出口治明,[object Object],歴史学,世界史;教養;新潮文庫,unread,,false
pz5b3hzv8v,2026-05-25T04:08:03.283Z,2026-05-26T05:09:29.3Z,2026-05-26T05:09:29.3Z,2026-05-26T05:09:29.3Z,新 もういちど読む 山川世界史,「世界の歴史」編集委員会,[object Object],歴史学,世界史;教科書;学び直し;山川出版社,unread,,false
lbn-mdj3390,2026-05-25T04:08:03.283Z,2026-05-26T05:25:19.515Z,2026-05-26T05:25:19.515Z,2026-05-26T05:25:19.515Z,福沢諭吉 最後の蘭学者,大久保健晴,[object Object],歴史学,福沢諭吉;伝記,unread,,false
vvcvv2fevpia,2026-05-25T04:08:03.283Z,2026-05-26T05:25:19.502Z,2026-05-26T05:25:19.502Z,2026-05-26T05:25:19.502Z,キリスト教からよむ世界史,関 眞興,[object Object],歴史学,キリスト教;世界史;日経ビジネス人文庫,unread,,false
4zs-jocpmdf4,2026-05-25T04:08:03.283Z,2026-05-26T05:25:19.472Z,2026-05-26T05:25:19.472Z,2026-05-26T05:25:19.472Z,イノベーションのDNA,クレイトン・クリステンセン/ジェフリー・ダイアー/ハル・グレガーセン,[object Object],経営学,イノベーション;破壊的創造;スキル,unread,,false
dt7_yp4dc,2026-05-25T04:08:03.283Z,2026-05-26T05:25:19.468Z,2026-05-26T05:25:19.468Z,2026-05-26T05:25:19.468Z,戦略経営論 (第3版),マイケル・A・ヒット/R・デュエーン・アイルランド/ロバート・E・ホスキソン,[object Object],経営学,経営戦略;MBA;グローバリゼーション;テキスト,unread,,false
tamsizwo7mo,2026-05-25T04:08:03.283Z,2026-05-26T05:25:19.447Z,2026-05-26T05:25:19.447Z,2026-05-26T05:25:19.447Z,企業進化論,野中郁次郎,[object Object],経営学,情報創造;組織論;マネジメント;日経ビジネス人文庫,unread,,false
6tbf9ox47,2026-05-25T04:08:03.283Z,2026-05-26T05:25:19.506Z,2026-05-26T05:25:19.506Z,2026-05-26T05:25:19.506Z,この一冊で全部わかる ビジネスモデル,根来龍之/富樫佳織/足代訓史,[object Object],経営学,ビジネスモデル;図鑑;入門,unread,,false
l_z93dcj4,2026-05-25T04:08:03.283Z,2026-05-26T05:25:19.479Z,2026-05-26T05:25:19.479Z,2026-05-26T05:25:19.479Z,ビジネスモデル・イノベーション,野中郁次郎/徳岡晃一郎,[object Object],経営学,イノベーション;知識創造;戦略論,unread,,false
k6h-ojdspq67,2026-05-25T04:08:03.283Z,2026-05-26T05:25:19.517Z,2026-05-26T05:25:19.517Z,2026-05-26T05:25:19.517Z,経営戦略入門,網倉久永/新宅純二郎,[object Object],経営学,経営戦略;入門;マネジメント・テキスト,unread,,false
bm9rc5x182,2026-05-25T04:08:03.283Z,2026-05-26T05:25:19.527Z,2026-05-26T05:25:19.527Z,2026-05-26T05:25:19.527Z,経営戦略の論理 (第4版),伊丹敬之,[object Object],経営学,経営戦略;ダイナミクス;不均衡,unread,,false
3ukcuimw2,2026-05-25T04:08:03.283Z,2026-05-26T05:25:19.512Z,2026-05-26T05:25:19.512Z,2026-05-26T05:25:19.512Z,ケース・スタディ 日本企業事例集,ハーバード・ビジネス・スクール,[object Object],経営学,ケースメソッド;HBS;日本企業;戦略,unread,,false
t_wk5i4f779,2026-05-25T04:08:03.283Z,2026-05-26T05:25:19.465Z,2026-05-26T05:25:19.465Z,2026-05-26T05:25:19.465Z,会社という迷宮,石井光太郎,[object Object],経営学,組織論;経営者;コーポレートガバナンス,unread,,false
8ayp2y0slyvc,2026-05-25T04:08:03.283Z,2026-05-26T05:25:19.461Z,2026-05-26T05:25:19.461Z,2026-05-26T05:25:19.461Z,ストーリーとしての競争戦略,楠木 建,[object Object],経営学,競争戦略;ストーリー;ベストセラー,unread,,false
k2gpvhq5xbdb,2026-05-25T04:08:03.283Z,2026-05-26T05:25:19.509Z,2026-05-26T05:25:19.509Z,2026-05-26T05:25:19.509Z,競争戦略論I,マイケル・E・ポーター,[object Object],経営学,競争戦略;ファイブフォース;テキスト,unread,,false
f9fzxtub9rgm,2026-05-25T04:08:03.283Z,2026-05-26T05:25:19.533Z,2026-05-26T05:25:19.533Z,2026-05-26T05:25:19.533Z,創発的破壊,米倉誠一郎,[object Object],経営学,イノベーション;未来;パラダイムシフト,unread,,false
45b9rivau,2026-05-25T04:08:03.283Z,2026-05-26T05:25:19.499Z,2026-05-26T05:25:19.499Z,2026-05-26T05:25:19.499Z,ダイバーシティ・マネジメント,谷口真美,[object Object],経営学,ダイバーシティ;多様性;組織,unread,,false
wxhzxqtvm,2026-05-25T04:08:03.283Z,2026-05-26T05:25:19.458Z,2026-05-26T05:25:19.458Z,2026-05-26T05:25:19.458Z,多様性の科学,マシュー・サイド,[object Object],経営学,多様性;組織論;意思決定;失敗学,unread,,false
mn5ig_ecf8w5,2026-05-25T04:08:03.283Z,2026-05-26T05:25:19.52Z,2026-05-26T05:25:19.52Z,2026-05-26T05:25:19.52Z,経済性工学の基礎 (新版),千住鎮雄/伏見多美雄,[object Object],経営学,意思決定;経済性分析;投資評価,unread,,false
c45641xsn,2026-05-25T04:08:03.283Z,2026-05-26T05:25:19.53Z,2026-05-26T05:25:19.53Z,2026-05-26T05:25:19.53Z,アントレプレナーシップ,清水 洋,[object Object],経営学,起業;イノベーション;スタートアップ,unread,,false
sb07mmg6s,2026-05-25T04:08:03.283Z,2026-05-26T05:25:19.523Z,2026-05-26T05:25:19.523Z,2026-05-26T05:25:19.523Z,失敗の本質,戸部良一/寺本義也/鎌田伸一/杉之尾孝生/村井友秀/野中郁次郎,[object Object],経営学,組織論;日本軍;リーダーシップ;古典,unread,,false
2mi17q6m32,2026-05-25T04:08:03.283Z,2026-05-26T05:25:19.475Z,2026-05-26T05:25:19.475Z,2026-05-26T05:25:19.475Z,論文の書き方,小熊英二,[object Object],思考法,論文;ライティング;研究法;講談社現代新書,unread,,false
hjvfnaqrc,2026-05-25T04:08:03.283Z,2026-05-26T05:25:19.489Z,2026-05-26T05:25:19.489Z,2026-05-26T05:25:19.489Z,イノベーションのジレンマ (増補改訂版),クレイトン・クリステンセン,[object Object],経営学,イノベーション;技術経営;破壊的技術,unread,,false
n4g_9033y-x,2026-05-25T04:08:03.283Z,2026-05-26T05:25:19.482Z,2026-05-26T05:25:19.482Z,2026-05-26T05:25:19.482Z,イノベーション,清水 洋,[object Object],経営学,イノベーション;経営史;メカニズム,unread,,false
djhppev2h,2026-05-25T04:08:03.283Z,2026-05-26T05:25:19.492Z,2026-05-26T05:25:19.492Z,2026-05-26T05:25:19.492Z,イノベーションはなぜ途絶えたか,山口栄一,[object Object],経営学,イノベーション;科学技術;日本企業;ちくま新書,unread,,false
w2l5s6d40oap,2026-05-25T04:08:03.283Z,2026-05-26T05:25:19.486Z,2026-05-26T05:25:19.486Z,2026-05-26T05:25:19.486Z,イノベーション・オブ・ライフ,クレイトン・クリステンセン,[object Object],経営学,イノベーション;人生設計;ベストセラー,unread,,false
ajd-_rq2ex,2026-05-25T04:08:03.283Z,2026-05-26T05:25:19.495Z,2026-05-26T05:25:19.495Z,2026-05-26T05:25:19.495Z,知識創造企業 (新装版),野中郁次郎/竹内弘高,[object Object],経営学,ナレッジマネジメント;知識創造;日本企業;古典,unread,,false
3t5r8zdif0m9,2026-05-25T04:08:03.283Z,2026-05-26T05:35:11.436Z,2026-05-26T05:35:11.436Z,2026-05-26T05:35:11.436Z,知識創造の方法論,野中郁次郎/紺野 登,[object Object],経営学,ナレッジマネジメント;方法論;SECIモデル,unread,,false
u3-xe8xublw,2026-05-25T04:08:03.283Z,2026-05-26T05:35:11.497Z,2026-05-26T05:35:11.497Z,2026-05-26T05:35:11.497Z,知識経営のすすめ,野中郁次郎/紺野 登,[object Object],経営学,ナレッジマネジメント;知識経営;ちくま新書,unread,,false
mv-cqlcgyh,2026-05-25T04:08:03.283Z,2026-05-26T05:35:11.499Z,2026-05-26T05:35:11.499Z,2026-05-26T05:35:11.499Z,経営の知的思考,伊丹敬之,[object Object],経営学,思考法;経営論理;直感;検証,unread,,false
rn62pvuz3,2026-05-25T04:08:03.283Z,2026-05-26T05:35:11.451Z,2026-05-26T05:35:11.451Z,2026-05-26T05:35:11.451Z,[新版] MBA経営戦略,グロービス経営大学院,[object Object],経営学,MBA;経営戦略;教科書,unread,,false
v95cx8yjgm,2026-05-25T04:08:03.283Z,2026-05-26T05:35:11.457Z,2026-05-26T05:35:11.457Z,2026-05-26T05:35:11.457Z,領域を超える経営学,琴坂将広,[object Object],経営学,グローバル経営;経営理論;知の系譜,unread,,false
9wczrm2sge,2026-05-25T04:08:03.283Z,2026-05-26T05:35:11.472Z,2026-05-26T05:35:11.472Z,2026-05-26T05:35:11.472Z,経営管理 (新版),塩次喜代明/高橋伸夫/小林敏男,[object Object],経営学,経営管理;組織;有斐閣アルマ,unread,,false
4gmj4mz3d,2026-05-25T04:08:03.283Z,2026-05-26T05:35:11.462Z,2026-05-26T05:35:11.462Z,2026-05-26T05:35:11.462Z,組織の不条理,菊澤研宗,[object Object],経営学,組織論;日本軍;失敗学;不条理,unread,,false
7soox-fdtzb,2026-05-25T04:08:03.283Z,2026-05-26T05:35:11.449Z,2026-05-26T05:35:11.449Z,2026-05-26T05:35:11.449Z,組織行動のマネジメント (新版),スティーブン P. ロビンス,[object Object],経営学,組織行動論;OB;リーダーシップ;教科書,unread,,false
x-feem-v8,2026-05-25T04:08:03.283Z,2026-05-26T05:35:11.474Z,2026-05-26T05:35:11.474Z,2026-05-26T05:35:11.474Z,組織論 (補訂版),桑田耕太郎/田尾雅夫,[object Object],経営学,組織論;マクロ;環境;有斐閣アルマ,unread,,false
skoj4pchv,2026-05-25T04:08:03.283Z,2026-05-26T05:35:11.478Z,2026-05-26T05:35:11.478Z,2026-05-26T05:35:11.478Z,逆・タイムマシン経営論,楠木 建/杉浦 泰,[object Object],経営学,経営思考;本質;メディア,unread,,false
4cxddfutw0i,2026-05-25T04:08:03.283Z,2026-05-26T05:35:11.441Z,2026-05-26T05:35:11.441Z,2026-05-26T05:35:11.441Z,両利きの経営,チャールズ・A・オライリー/マイケル・L・タッシュマン,[object Object],経営学,イノベーション;組織変革;両利き;戦略,unread,,false
b_4ynusc-1,2026-05-25T04:08:03.283Z,2026-05-26T05:35:11.486Z,2026-05-26T05:35:11.486Z,2026-05-26T05:35:11.486Z,創造するミドル,金井壽宏/米倉誠一郎/沼上 幹 編,[object Object],経営学,キャリア;ミドルマネジメント;組織論,unread,,false
6a5ne1lq1qh,2026-05-25T04:08:03.283Z,2026-05-26T05:35:11.479Z,2026-05-26T05:35:11.479Z,2026-05-26T05:35:11.479Z,「好き嫌い」と経営,楠木 建,[object Object],経営学,経営者;競争戦略;インタビュー;好き嫌い,unread,,false
7fk028u1d,2026-05-25T04:08:03.283Z,2026-05-26T05:35:11.483Z,2026-05-26T05:35:11.483Z,2026-05-26T05:35:11.483Z,経営学入門,藤田 誠,[object Object],経営学,経営学;入門;ベーシック,unread,,false
f_icnzn25,2026-05-25T04:08:03.283Z,2026-05-26T05:35:11.439Z,2026-05-26T05:35:11.439Z,2026-05-26T05:35:11.439Z,経営学とはなにか,伊丹敬之,[object Object],経営学,経営学;実学;本質,unread,,false
j_-vou5f1,2026-05-25T04:08:03.283Z,2026-05-26T05:35:11.464Z,2026-05-26T05:35:11.464Z,2026-05-26T05:35:11.464Z,経営学説史,岸田民樹/田中政光,[object Object],経営学,経営史;学説;有斐閣アルマ,unread,,false
qv2cjn90ta0e,2026-05-25T04:08:03.283Z,2026-05-26T05:35:11.504Z,2026-05-26T05:35:11.504Z,2026-05-26T05:35:11.504Z,経営戦略の思考法,沼上 幹,[object Object],経営学,経営戦略;思考法;ダイナミクス,unread,,false
7e4_81w2kc,2026-05-25T04:08:03.283Z,2026-05-26T05:35:11.442Z,2026-05-26T05:35:11.442Z,2026-05-26T05:35:11.442Z,経営読書記録表,楠木 建,[object Object],経営学,読書論;書評;経営書,unread,,false
7arh0kgzbx5,2026-05-25T04:08:03.283Z,2026-05-26T05:35:11.468Z,2026-05-26T05:35:11.468Z,2026-05-26T05:35:11.468Z,本を読む本,M.J.アドラー/C.V.ドーレン,[object Object],思考法,読書術;教養;古典;講談社学術文庫,unread,,false
a4s2g6wyqui,2026-05-25T04:08:03.283Z,2026-05-26T05:35:11.491Z,2026-05-26T05:35:11.491Z,2026-05-26T05:35:11.491Z,ホモ・ルーデンス,ヨハン・ホイジンガ,[object Object],歴史学,文化史;遊び;人類学;講談社学術文庫,unread,,false
6z6jp5yddbw,2026-05-25T04:08:03.283Z,2026-05-26T05:35:11.425Z,2026-05-26T05:35:11.425Z,2026-05-26T05:35:11.425Z,人間の由来 上,チャールズ・ダーウィン,[object Object],生物学,進化論;古典;講談社学術文庫,unread,,false
6zye50eddr8,2026-05-25T04:08:03.283Z,2026-05-26T05:35:11.493Z,2026-05-26T05:35:11.493Z,2026-05-26T05:35:11.493Z,日本型「教養」の運命,筒井清忠,[object Object],歴史学,歴史社会学;教養;近代日本,unread,,false
dfflsaelh9pp,2026-05-25T04:08:03.283Z,2026-05-26T05:35:11.446Z,2026-05-26T05:35:11.446Z,2026-05-26T05:35:11.446Z,階層化日本と教育危機,苅谷剛彦,[object Object],社会学,教育;格差;不平等;ロングセラー,unread,,false
2jv240y342,2026-05-25T04:08:03.283Z,2026-05-26T05:35:11.488Z,2026-05-26T05:35:11.488Z,2026-05-26T05:35:11.488Z,日本権力構造の謎 (上),カレル・ヴァン・ウォルフレン,[object Object],社会学,政治;日本論;権力構造,unread,,false
sdub814nxe,2026-05-25T04:08:03.283Z,2026-05-26T05:35:11.454Z,2026-05-26T05:35:11.454Z,2026-05-26T05:35:11.454Z,就活の社会学,妹尾麻美,[object Object],社会学,就活;大学生;若者,unread,,false
sd683ujhb,2026-05-25T04:08:03.283Z,2026-05-26T05:49:51.417Z,2026-05-26T05:49:51.417Z,2026-05-26T05:49:51.417Z,レオナルド・ダ・ヴィンチ 芸術と科学を越境する旅人,マーティン・ケンプ,[object Object],その他,レオナルド・ダ・ヴィンチ;芸術;科学,unread,,false
hxtrfr48owav,2026-05-25T04:08:03.283Z,2026-05-26T14:51:59.418Z,2026-05-26T05:49:51.447Z,2026-05-26T14:51:59.418Z,マキャベリの生涯 その微笑の謎,マウリツィオ・ヴィローリ,[object Object],政治学,マキャベリ;伝記;ルネサンス,unread,,false
ccffzhvp2,2026-05-25T04:08:03.283Z,2026-05-26T05:49:51.463Z,2026-05-26T05:49:51.463Z,2026-05-26T05:49:51.463Z,マンキュー入門経済学 [第3版],N・グレゴリー・マンキュー,[object Object],経済学,教科書;入門;マクロ・ミクロ,unread,,false
gzbr-8boovl,2026-05-25T04:08:03.283Z,2026-05-26T05:49:51.438Z,2026-05-26T05:49:51.438Z,2026-05-26T05:49:51.438Z,ミル自伝,ジョン・スチュアート・ミル,[object Object],経済学,自伝;思想;古典;岩波文庫,unread,,false
0pnpwe4co,2026-05-25T04:08:03.283Z,2026-05-26T05:49:51.424Z,2026-05-26T05:49:51.424Z,2026-05-26T05:49:51.424Z,プロテスタンティズムの倫理と資本主義の精神,マックス・ヴェーバー,[object Object],社会学,社会学;宗教;資本主義;岩波文庫,unread,,false
2i60_jns9,2026-05-25T04:08:03.283Z,2026-05-26T05:49:51.459Z,2026-05-26T05:49:51.459Z,2026-05-26T05:49:51.459Z,責任という虚構,小坂井敏晶,[object Object],社会学,法社会学;責任;心理;ちくま学芸文庫,unread,,false
1r2ynf8hp,2026-05-25T04:08:03.283Z,2026-05-26T05:49:51.472Z,2026-05-26T05:49:51.472Z,2026-05-26T05:49:51.472Z,知識の社会史,ピーター・バーク,[object Object],歴史学,知識;情報;社会史,unread,,false
wa4hn9s05,2026-05-25T04:08:03.283Z,2026-05-26T05:49:51.42Z,2026-05-26T05:49:51.42Z,2026-05-26T05:49:51.42Z,社会科学と因果分析,佐藤俊樹,[object Object],社会学,方法論;ウェーバー;社会科学,unread,,false
wngsrda8u,2026-05-25T04:08:03.283Z,2026-05-26T05:49:51.47Z,2026-05-26T05:49:51.47Z,2026-05-26T05:49:51.47Z,社会科学と社会政策にかかわる認識の「客観性」,マックス・ヴェーバー,[object Object],社会学,方法論;価値自由;理念型;岩波文庫,unread,,false
psso7pk57m4,2026-05-25T04:08:03.283Z,2026-05-26T05:49:51.425Z,2026-05-26T05:49:51.425Z,2026-05-26T05:49:51.425Z,社会思想史講義,城塚 登,[object Object],社会学,社会思想;歴史;講義;ちくま学芸文庫,unread,,false
4apnc14oik_z,2026-05-25T04:08:03.283Z,2026-05-26T05:49:51.441Z,2026-05-26T05:49:51.441Z,2026-05-26T05:49:51.441Z,社会学の根本概念,マックス・ヴェーバー,[object Object],社会学,理論;定義;古典;岩波文庫,unread,,false
1qj0erf7-ql,2026-05-25T04:08:03.283Z,2026-05-26T05:49:51.429Z,2026-05-26T05:49:51.429Z,2026-05-26T05:49:51.429Z,有閑階級の理論 [新版],ソースタイン・ヴェブレン,[object Object],経済学,消費;制度派経済学;古典;ちくま学芸文庫,unread,,false
l-2hw13e9-zk,2026-05-25T04:08:03.283Z,2026-05-26T05:49:51.466Z,2026-05-26T05:49:51.466Z,2026-05-26T05:49:51.466Z,わかりやすさの罪,武田砂鉄,[object Object],社会学,メディア;社会評論;思考停止,unread,,false
c25qcijqm,2026-05-25T04:08:03.283Z,2026-05-26T05:49:51.457Z,2026-05-26T05:49:51.457Z,2026-05-26T05:49:51.457Z,価値の社会学,作田啓一,[object Object],社会学,価値観;理論;日本社会;ちくま学芸文庫,unread,,false
oj80imm_m3u3,2026-05-25T04:08:03.283Z,2026-05-26T14:51:59.435Z,2026-05-26T05:49:51.461Z,2026-05-26T14:51:59.435Z,戦争論 (上),クラウゼヴィッツ,[object Object],政治学,軍事;戦略;政治;岩波文庫,unread,,false
48myee5jf7,2026-05-25T04:08:03.283Z,2026-05-26T05:49:51.407Z,2026-05-26T05:49:51.407Z,2026-05-26T05:49:51.407Z,「衝動」に支配される世界,ポール・ロバーツ,[object Object],社会学,消費社会;心理;ビジネス,unread,,false
miqhljfjl4,2026-05-25T04:08:03.283Z,2026-05-26T05:49:51.426Z,2026-05-26T05:49:51.426Z,2026-05-26T05:49:51.426Z,Z世代化する社会,舟津昌平,[object Object],社会学,Z世代;組織論;若者論,unread,,false
1l4i4mgyvk,2026-05-25T04:08:03.283Z,2026-05-26T14:51:59.433Z,2026-05-26T05:49:51.435Z,2026-05-26T14:51:59.433Z,君主論,マキアヴェッリ,[object Object],政治学,政治学;リーダーシップ;古典;岩波文庫,unread,,false
l6gpsf_ubw4,2026-05-25T04:08:03.283Z,2026-05-26T05:49:51.455Z,2026-05-26T05:49:51.455Z,2026-05-26T05:49:51.455Z,堕落論・日本文化私観 他二十二篇,坂口安吾,[object Object],その他,日本文化;エッセイ;文学;岩波文庫,unread,,false
hmtm712q1,2026-05-25T04:08:03.283Z,2026-05-26T05:49:51.432Z,2026-05-26T05:49:51.432Z,2026-05-26T05:49:51.432Z,実力も運のうち 能力主義は正義か？,マイケル・J・サンデル,[object Object],政治学,能力主義;政治哲学;正義論,unread,,false
fu3zj359loe,2026-05-25T04:08:03.283Z,2026-05-26T05:49:51.428Z,2026-05-26T05:49:51.428Z,2026-05-26T05:49:51.428Z,モヤモヤする正義,ベンジャミン・クリッツァー,[object Object],哲学,公共哲学;倫理学;リベラリズム,unread,,false
mti0hnskpg2r,2026-05-25T04:08:03.283Z,2026-05-26T05:49:51.45Z,2026-05-26T05:49:51.45Z,2026-05-26T05:49:51.45Z,22世紀の資本主義,成田悠輔,[object Object],経済学,資本主義;未来予測;経済思想,unread,,false
ukiewu89bkv,2026-05-25T04:08:03.283Z,2026-05-26T05:49:51.444Z,2026-05-26T05:49:51.444Z,2026-05-26T05:49:51.444Z,22世紀の民主主義,成田悠輔,[object Object],政治学,民主主義;未来予測;政治思想,unread,,false
6e3pyk2w302,2026-05-25T04:08:03.283Z,2026-05-26T05:49:51.451Z,2026-05-26T05:49:51.451Z,2026-05-26T05:49:51.451Z,社会学史,大澤真幸,[object Object],社会学,社会学;歴史;教養;講談社現代新書,unread,,false
604upi8xg5,2026-05-25T04:08:03.283Z,2026-05-26T05:49:51.474Z,2026-05-26T05:49:51.474Z,2026-05-26T05:49:51.474Z,人新生の『資本論』,斎藤幸平,[object Object],経済学,資本論;気候変動;社会変革,unread,,false
e9sz6gxio6du,2026-05-25T04:08:03.283Z,2026-05-26T06:25:07.516Z,2026-05-26T06:25:07.516Z,2026-05-26T06:25:07.516Z,USJのジェットコースターはなぜ後ろ向きに走ったのか？,森岡 毅,[object Object],経営学,マーケティング;USJ;V字回復;アイデア,unread,,false
0mszkovpaw04,2026-05-25T04:08:03.283Z,2026-05-26T06:25:07.552Z,2026-05-26T06:25:07.552Z,2026-05-26T06:25:07.552Z,新・現代会計入門 第5版,伊藤邦雄,[object Object],経営学,会計学;財務;テキスト,unread,,false
0tg93vww17az,2026-05-25T04:08:03.283Z,2026-05-26T06:25:07.523Z,2026-05-26T06:25:07.523Z,2026-05-26T06:25:07.523Z,経済発展の理論 (上),シュムペーター,[object Object],経済学,イノベーション;古典;岩波文庫,unread,,false
r0-ei-dv0,2026-05-25T04:08:03.283Z,2026-05-26T06:25:07.529Z,2026-05-26T06:25:07.529Z,2026-05-26T06:25:07.529Z,大学生のためのアカデミック英文ライティング,中谷安男,[object Object],語学,英語;ライティング;論文;大学生,unread,,false
xi0z59l1s,2026-05-25T04:08:03.283Z,2026-05-26T06:25:07.509Z,2026-05-26T06:25:07.509Z,2026-05-26T06:25:07.509Z,文章技術,石黒 圭,[object Object],語学,文章術;ライティング;ちくまプリマー新書,unread,,false
r2pq_71mtki,2026-05-25T04:08:03.283Z,2026-05-26T06:25:07.557Z,2026-05-26T06:25:07.557Z,2026-05-26T06:25:07.557Z,行動経済学,友野典男,[object Object],経済学,行動経済学;心理;入門,unread,,false
hy90ns25xcbb,2026-05-25T04:08:03.283Z,2026-05-26T06:25:07.561Z,2026-05-26T06:25:07.561Z,2026-05-26T06:25:07.561Z,1冊でマスター 大学の微分積分,石井俊全,[object Object],数学,微分積分;大学数学;入門,unread,,false
0emztdhwlga,2026-05-25T04:08:03.283Z,2026-05-26T06:25:07.496Z,2026-05-26T06:25:07.496Z,2026-05-26T06:25:07.496Z,コーポレートファイナンス 入門編 [第2版],ジョナサン・バーク/ピーター・ディマーゾ,[object Object],経営学,ファイナンス;企業財務;教科書,unread,,false
81ql5mr0tgzd,2026-05-25T04:08:03.283Z,2026-05-26T06:25:07.545Z,2026-05-26T06:25:07.545Z,2026-05-26T06:25:07.545Z,創造的論文の書き方,伊丹敬之,[object Object],思考法,論文;ライティング;研究法,unread,,false
1ejwjcgbr1,2026-05-25T04:08:03.283Z,2026-05-26T06:25:07.563Z,2026-05-26T06:25:07.563Z,2026-05-26T06:25:07.563Z,データ分析の力 因果関係に迫る思考法,伊藤公一朗,[object Object],経済学,データ分析;因果推論;統計;光文社新書,unread,,false
j2_qnm7md,2026-05-25T04:08:03.283Z,2026-05-26T06:25:07.539Z,2026-05-26T06:25:07.539Z,2026-05-26T06:25:07.539Z,データサイエンティスト入門,野村総合研究所データサイエンスラボ,[object Object],コンピュータサイエンス,データサイエンス;AI;ビジネス;日経文庫,unread,,false
bn3g_k9d3au2,2026-05-25T04:08:03.283Z,2026-05-26T06:25:07.506Z,2026-05-26T06:25:07.506Z,2026-05-26T06:25:07.506Z,はじめての経済思想史,中村隆之,[object Object],経済学,経済思想;歴史;入門,unread,,false
kv0fujtukf,2026-05-25T04:08:03.283Z,2026-05-26T06:25:07.513Z,2026-05-26T06:25:07.513Z,2026-05-26T06:25:07.513Z,経済学を学ぶ,岩田規久男,[object Object],経済学,経済学;入門;思考法;ちくま新書,unread,,false
xbunuz96nnx,2026-05-25T04:08:03.283Z,2026-05-26T06:25:07.549Z,2026-05-26T06:25:07.549Z,2026-05-26T06:25:07.549Z,経済学講義,飯田泰之,[object Object],経済学,経済学;入門;思考法;ちくま新書,unread,,false
gp3mxtppq,2026-05-25T04:08:03.283Z,2026-05-26T06:25:07.512Z,2026-05-26T06:25:07.512Z,2026-05-26T06:25:07.512Z,ファンベース,佐藤尚之,[object Object],経営学,マーケティング;ファン;コミュニティ;ちくま新書,unread,,false
3kiryrg1m2a,2026-05-25T04:08:03.283Z,2026-05-26T06:25:07.521Z,2026-05-26T06:25:07.521Z,2026-05-26T06:25:07.521Z,よくわかるファイナンス,久保田敬一,[object Object],経営学,ファイナンス;金融;入門,unread,,false
i7g9ngzdje,2026-05-25T04:08:03.283Z,2026-05-26T06:25:07.533Z,2026-05-26T06:25:07.533Z,2026-05-26T06:25:07.533Z,ざっくり分かるファイナンス,石野雄一,[object Object],経営学,ファイナンス;決算書;企業価値;光文社新書,unread,,false
jic7ug9-3s,2026-05-25T04:08:03.283Z,2026-05-26T06:25:07.565Z,2026-05-26T06:25:07.565Z,2026-05-26T06:25:07.565Z,道具としてのファイナンス,石野雄一,[object Object],経営学,ファイナンス;実務;投資評価,unread,,false
idwx5k1v9ov,2026-05-25T04:08:03.283Z,2026-05-26T06:25:07.526Z,2026-05-26T06:25:07.526Z,2026-05-26T06:25:07.526Z,財務会計講義 (第25版),桜井久勝,[object Object],経営学,会計学;財務会計;テキスト,unread,,false
3un_xz5y_7eg,2026-05-25T04:08:03.283Z,2026-05-26T06:25:07.542Z,2026-05-26T06:25:07.542Z,2026-05-26T06:25:07.542Z,財務3表一体理解法,國貞克則,[object Object],経営学,会計;簿記;財務諸表;朝日新書,unread,,false
wf6tow57t_57,2026-05-25T04:08:03.283Z,2026-05-26T06:25:07.553Z,2026-05-26T06:25:07.553Z,2026-05-26T06:25:07.553Z,ストラテジストにさよならを,広木 隆,[object Object],経済学,投資;株式市場;ゲーテ・ビジネス新書,unread,,false
iwewlas6a6kf,2026-05-25T04:08:03.283Z,2026-05-26T06:25:07.548Z,2026-05-26T06:25:07.548Z,2026-05-26T06:25:07.548Z,ヘッジファンドのアクティブ投資戦略,ラッセ・ヘジェ・ペデルセン,[object Object],経済学,投資;ヘッジファンド;市場効率性,unread,,false
0uydyudd1rs,2026-05-25T04:08:03.283Z,2026-05-26T06:25:07.518Z,2026-05-26T06:25:07.518Z,2026-05-26T06:25:07.518Z,世界史のなかの産業革命,R.C. アレン,[object Object],歴史学,産業革命;経済史;グローバルヒストリー,unread,,false
0p6l2exi_ek,2026-05-25T04:08:03.283Z,2026-05-26T06:25:07.559Z,2026-05-26T06:25:07.559Z,2026-05-26T06:25:07.559Z,「知の技法」入門,小林康夫/大澤真幸,[object Object],思考法,教養;大学;学び,unread,,false
m9ubgz3-ag,2026-05-25T04:08:03.283Z,2026-05-26T06:25:07.536Z,2026-05-26T06:25:07.536Z,2026-05-26T06:25:07.536Z,入門 マクロ経済学,嶋村紘輝/佐々木宏夫 他,[object Object],経済学,マクロ経済学;入門;テキスト,unread,,false
b97_4euf3l9,2026-05-25T04:08:03.283Z,2026-05-26T06:48:09.403Z,2026-05-26T06:48:09.403Z,2026-05-26T06:48:09.403Z,投資1年目の教科書,高橋慶行,[object Object],経済学,投資;株式;入門,unread,,false
aj5i4x1vy93,2026-05-25T04:08:03.283Z,2026-05-26T06:48:09.408Z,2026-05-26T06:48:09.408Z,2026-05-26T06:48:09.408Z,コトラー&ケラーのマーケティング・マネジメント 基本編,フィリップ・コトラー/ケビン・レーン・ケラー,[object Object],経営学,マーケティング;教科書;コトラー,unread,,false
7u1irqzmcwky,2026-05-25T04:08:03.283Z,2026-05-26T06:48:09.388Z,2026-05-26T06:48:09.388Z,2026-05-26T06:48:09.388Z,1冊でマスター 大学の線形代数,石井俊全,[object Object],数学,線形代数;大学数学;入門,unread,,false
2t2-4njs8n2,2026-05-25T04:08:03.283Z,2026-05-26T06:48:09.421Z,2026-05-26T06:48:09.421Z,2026-05-26T06:48:09.421Z,意味がわかる線形代数,石井俊全,[object Object],数学,線形代数;入門;解説,unread,,false
4zh9ie2-cwa5,2026-05-25T04:08:03.283Z,2026-05-26T06:48:09.419Z,2026-05-26T06:48:09.419Z,2026-05-26T06:48:09.419Z,1冊でマスター 大学の統計学,石井俊全,[object Object],数学,統計学;大学数学;入門,unread,,false
sjf9r5xv4,2026-05-25T04:08:03.283Z,2026-05-26T06:48:09.375Z,2026-05-26T06:48:09.375Z,2026-05-26T06:48:09.375Z,MBAマーケティング (改訂4版),グロービス経営大学院,[object Object],経営学,マーケティング;MBA;教科書,unread,,false
2a2mzb_ak,2026-05-25T04:08:03.283Z,2026-05-26T14:51:59.43Z,2026-05-26T06:48:09.381Z,2026-05-26T14:51:59.43Z,マキアヴェッリ 「君主論」をよむ,鹿子生浩輝,[object Object],政治学,政治学;古典;岩波新書,unread,,false
zyc9nimq9wr,2026-05-25T04:08:03.283Z,2026-05-26T06:48:09.385Z,2026-05-26T06:48:09.385Z,2026-05-26T06:48:09.385Z,売れるもマーケ 当たるもマーケ,アル・ライズ/ジャック・トラウト,[object Object],経営学,マーケティング;法則;古典,unread,,false
uy9oh_uqoo_u,2026-05-25T04:08:03.283Z,2026-05-26T06:48:09.383Z,2026-05-26T06:48:09.383Z,2026-05-26T06:48:09.383Z,はじめてのマーケティング,久保田進彦/澁谷 覚/須永 努,[object Object],経営学,マーケティング;入門;有斐閣,unread,,false
6zl10u8ts,2026-05-25T04:08:03.283Z,2026-05-26T06:48:09.418Z,2026-05-26T06:48:09.418Z,2026-05-26T06:48:09.418Z,マーケティングをつかむ [第3版],黒岩健一郎/水越康介,[object Object],経営学,マーケティング;テキスト;有斐閣,unread,,false
2f_rlvm11ou,2026-05-25T04:08:03.283Z,2026-05-26T06:48:09.378Z,2026-05-26T06:48:09.378Z,2026-05-26T06:48:09.378Z,マルクス入門,今村仁司,[object Object],経済学,マルクス;思想;ちくま新書,unread,,false
liqc8f0e5dp,2026-05-25T04:08:03.283Z,2026-05-26T06:48:09.401Z,2026-05-26T06:48:09.401Z,2026-05-26T06:48:09.401Z,マルクス 資本論の哲学,熊野純彦,[object Object],哲学,マルクス;資本論;哲学;岩波新書,unread,,false
yi090z2e88,2026-05-25T04:08:03.283Z,2026-05-26T06:48:09.371Z,2026-05-26T06:48:09.371Z,2026-05-26T06:48:09.371Z,数学する身体,森田真生,[object Object],数学,数学;身体性;エッセイ;新潮文庫,unread,,false
5riauhtjvq,2026-05-25T04:08:03.283Z,2026-05-26T06:48:09.389Z,2026-05-26T06:48:09.389Z,2026-05-26T06:48:09.389Z,統計学のための数学入門30講,永田 靖,[object Object],数学,統計学;数学;入門,unread,,false
arur4asdx,2026-05-25T04:08:03.283Z,2026-05-26T06:48:09.367Z,2026-05-26T06:48:09.367Z,2026-05-26T06:48:09.367Z,入門 ミクロ経済学,嶋村紘輝/佐々木宏夫 他,[object Object],経済学,ミクロ経済学;入門;テキスト,unread,,false
jnh6-0oea4-l,2026-05-25T04:08:03.283Z,2026-05-26T06:48:09.392Z,2026-05-26T06:48:09.392Z,2026-05-26T06:48:09.392Z,現代広告論 [第4版],岸 志津江/田中 洋/嶋村和恵/丸岡吉人,[object Object],経営学,広告;マーケティング;テキスト,unread,,false
6wmv-yn32,2026-05-25T04:08:03.283Z,2026-05-26T06:48:09.405Z,2026-05-26T06:48:09.405Z,2026-05-26T06:48:09.405Z,まったく新しいアカデミック・ライティングの教科書,阿部幸大,[object Object],思考法,ライティング;論文;大学,unread,,false
z6meaoukj9v,2026-05-25T04:08:03.283Z,2026-05-26T06:48:09.376Z,2026-05-26T06:48:09.376Z,2026-05-26T06:48:09.376Z,ポスト資本主義社会,P.F. ドラッカー,[object Object],経営学,社会論;資本主義;ドラッカー;未来予測,unread,,false
3-hg2uc-3q,2026-05-25T04:08:03.283Z,2026-05-26T06:48:09.416Z,2026-05-26T06:48:09.416Z,2026-05-26T06:48:09.416Z,確率思考の戦略論,森岡 毅/今西聖貴,[object Object],経営学,マーケティング;数学;戦略;USJ,unread,,false
ylzjfxyjwh,2026-05-25T04:08:03.283Z,2026-05-26T06:48:09.369Z,2026-05-26T06:48:09.369Z,2026-05-26T06:48:09.369Z,確率思考の戦略論 USJでも実証された数学マーケティングの力,森岡 毅/今西聖貴,[object Object],経営学,マーケティング;数学;戦略;USJ;角川文庫,unread,,false
ch4wd8ldf,2026-05-25T04:08:03.283Z,2026-05-26T06:48:09.414Z,2026-05-26T06:48:09.414Z,2026-05-26T06:48:09.414Z,読書大全,堀内 勉,[object Object],その他,読書;ブックガイド;教養,unread,,false
lwtxqzn0214,2026-05-25T04:08:03.283Z,2026-05-26T06:48:09.396Z,2026-05-26T06:48:09.396Z,2026-05-26T06:48:09.396Z,マックス・ウェーバーを読む,仲正昌樹,[object Object],社会学,ウェーバー;社会学;講談社現代新書,unread,,false
3gqopckpx8qv,2026-05-25T04:08:03.283Z,2026-05-26T06:48:09.398Z,2026-05-26T06:48:09.398Z,2026-05-26T06:48:09.398Z,リサーチ・デザイン,田村正紀,[object Object],経営学,研究法;方法論;経営学,unread,,false
56zfx4eim,2026-05-25T04:08:03.283Z,2026-05-26T06:48:09.425Z,2026-05-26T06:48:09.425Z,2026-05-26T06:48:09.425Z,リサーチのはじめかた,トーマス・S・マラニー/クリストファー・レア,[object Object],思考法,研究法;論文;問い,unread,,false
t2obk8n-1,2026-05-25T04:08:03.283Z,2026-05-26T06:48:09.356Z,2026-05-26T06:48:09.356Z,2026-05-26T06:48:09.356Z,面白くて刺激的な論文のためのリサーチ・クエスチョンの作り方と育て方,M.アルヴェッソン/J.サンドバーグ,[object Object],思考法,研究法;論文;問い,unread,,false
7w7i9aqph0hs,2026-05-25T04:08:03.283Z,2026-05-26T06:42:42.96Z,2026-05-26T06:42:42.96Z,2026-05-26T06:42:42.96Z,線型代数入門講義,長岡亮介,[object Object],数学,線形代数;大学数学;講義,unread,,false
074a0jlxq,2026-05-25T04:08:03.283Z,2026-05-26T06:42:42.882Z,2026-05-26T06:42:42.882Z,2026-05-26T06:42:42.882Z,微分積分学,齋藤正彦,[object Object],数学,微分積分;数学;教科書,unread,,false
d-3ugzciy,2026-05-25T04:08:03.283Z,2026-05-26T06:42:42.904Z,2026-05-26T06:42:42.904Z,2026-05-26T06:42:42.904Z,「文系学部廃止」の衝撃,吉見俊哉,[object Object],社会学,大学論;教育;集英社新書,unread,,false
5wpqak6ornh,2026-05-25T04:08:03.283Z,2026-05-26T06:42:42.924Z,2026-05-26T06:42:42.924Z,2026-05-26T06:42:42.924Z,Rによる統計的学習入門,G.James/D.Witten/T.Hastie/R.Tibshirani,[object Object],数学,統計学;R言語;機械学習;データ分析,unread,,false
uvxxw1bwlp,2026-05-25T04:08:03.283Z,2026-05-26T06:42:42.962Z,2026-05-26T06:42:42.962Z,2026-05-26T06:42:42.962Z,統計学基礎,日本統計学会 編,[object Object],数学,統計学;統計検定;教科書,unread,,false
wcgqwg8ja,2026-05-25T04:08:03.283Z,2026-05-26T06:42:42.896Z,2026-05-26T06:42:42.896Z,2026-05-26T06:42:42.896Z,統計学入門,東京大学教養学部統計学教室 編,[object Object],数学,統計学;教科書;東大;ロングセラー,unread,,false
neiqanjd5s,2026-05-25T04:08:03.283Z,2026-05-26T06:42:42.869Z,2026-05-26T06:42:42.869Z,2026-05-26T06:42:42.869Z,統計学が最強の学問である,西内 啓,[object Object],数学,統計学;ビジネス;ベストセラー,unread,,false
fha5iareb0l9,2026-05-25T04:08:03.283Z,2026-05-26T06:42:42.914Z,2026-05-26T06:42:42.914Z,2026-05-26T06:42:42.914Z,USJを劇的に変えた、たった1つの考え方,森岡 毅,[object Object],経営学,USJ;マーケティング,unread,,false
qzwfed081c1,2026-05-25T04:08:03.283Z,2026-05-26T06:42:42.912Z,2026-05-26T06:42:42.912Z,2026-05-26T06:42:42.912Z,西洋政治思想史,宇野重規,[object Object],歴史学,政治学;思想史;有斐閣アルマ,unread,,false
jc90_6d2axca,2026-05-25T04:08:03.283Z,2026-05-26T06:42:42.918Z,2026-05-26T06:42:42.918Z,2026-05-26T06:42:42.918Z,大学で何を学ぶか,浅羽通明,[object Object],思考法,大学;教養;学び;幻冬舎文庫,unread,,false
9_k0o8691o1,2026-05-25T04:08:03.283Z,2026-05-26T06:42:42.9Z,2026-05-26T06:42:42.9Z,2026-05-26T06:42:42.9Z,ゼロからの『資本論』,斎藤幸平,[object Object],経済学,資本論;マルクス;入門,unread,,false
71bkum_r9uab,2026-05-25T04:08:03.283Z,2026-05-26T06:42:42.928Z,2026-05-26T06:42:42.928Z,2026-05-26T06:42:42.928Z,限界費用ゼロ社会,ジェレミー・リフキン,[object Object],経済学,共有型経済;IoT;未来予測,unread,,false
wa8spb_i-tdg,2026-05-25T04:08:03.283Z,2026-05-26T06:42:42.948Z,2026-05-26T06:42:42.948Z,2026-05-26T06:42:42.948Z,大学生になるきみへ,中山 茂,[object Object],その他,大学;知的空間;入門,unread,,false
5jr2l4uektaz,2026-05-25T04:08:03.283Z,2026-05-26T06:42:42.954Z,2026-05-26T06:42:42.954Z,2026-05-26T06:42:42.954Z,0才から100才まで学び続けなくてはならない時代を生きる学ぶ人と育てる人のための教科書,落合 陽一,[object Object],その他,教育;人生戦略;教科書,unread,,false
40s7tr2xh1,2026-05-25T04:08:03.283Z,2026-05-26T06:42:42.94Z,2026-05-26T06:42:42.94Z,2026-05-26T06:42:42.94Z,なぜ働いていると本が読めなくなるのか,三宅 香帆,[object Object],社会学,読書論;労働;現代社会,unread,,false
xjm7u4epu,2026-05-25T04:08:03.283Z,2026-05-26T06:42:42.95Z,2026-05-26T06:42:42.95Z,2026-05-26T06:42:42.95Z,「好き嫌い」と才能,楠木 建,[object Object],経営学,キャリア;才能;努力,unread,,false
ty3f3l7hfq1d,2026-05-25T04:08:03.283Z,2026-05-26T06:42:42.892Z,2026-05-26T06:42:42.892Z,2026-05-26T06:42:42.892Z,20代にしておきたい17のこと,本田 健,[object Object],その他,人生論;20代;自己啓発,unread,,false
iqi3ez9dp,2026-05-25T04:08:03.283Z,2026-05-26T06:42:42.922Z,2026-05-26T06:42:42.922Z,2026-05-26T06:42:42.922Z,思考の整理学,外山 滋比古,[object Object],思考法,思考;ロングセラー;アイデア,unread,,false
66hvjll0g3jq,2026-05-25T04:08:03.283Z,2026-05-26T06:42:42.936Z,2026-05-26T06:42:42.936Z,2026-05-26T06:42:42.936Z,世界の「頭のいい人」がやっていることを1冊にまとめてみた,中野信子,[object Object],その他,知能;脳科学;思考法,unread,,false
74zieesv1fs,2026-05-25T04:08:03.283Z,2026-05-26T06:42:42.889Z,2026-05-26T06:42:42.889Z,2026-05-26T06:42:42.889Z,20歳のときに知っておきたかったこと,ティナ・シーリグ,[object Object],自己啓発,人生論;自己啓発;若者,unread,,false
m_1ur6qelva,2026-05-25T04:08:03.283Z,2026-05-26T06:42:42.886Z,2026-05-26T06:42:42.886Z,2026-05-26T06:42:42.886Z,GRIT やり抜く力,アンジェラ・ダックワース,[object Object],心理学,成功;継続;マインドセット,unread,,false
ocdvwifje,2026-05-25T04:08:03.283Z,2026-05-26T06:42:42.908Z,2026-05-26T06:42:42.908Z,2026-05-26T06:42:42.908Z,アブダクション,米盛裕二,[object Object],思考法,発想法;問題解決;クリエイティビティ,unread,,false
wewmdmcun,2026-05-25T04:08:03.283Z,2026-05-26T06:42:42.956Z,2026-05-26T06:42:42.956Z,2026-05-26T06:42:42.956Z,絶対悲観主義,楠木 建,[object Object],思考法,仕事術;メンタル;経営者,unread,,false
fqib794150,2026-05-25T04:08:03.283Z,2026-05-26T06:42:42.932Z,2026-05-26T06:42:42.932Z,2026-05-26T06:42:42.932Z,「具体⇄抽象」トレーニング,細谷 功,[object Object],思考法,抽象化;問題解決;思考力,unread,,false
cs_0jdg6p8g6,2026-05-25T04:08:03.283Z,2026-05-26T06:42:42.945Z,2026-05-26T06:42:42.945Z,2026-05-26T06:42:42.945Z,冒険の書,孫泰蔵,[object Object],自己啓発,起業;人生論;冒険,unread,,false
1sx9xtadf5,2026-05-25T04:08:03.283Z,2026-05-26T06:48:55.298Z,2026-05-26T06:48:55.298Z,2026-05-26T06:48:55.298Z,仕事に生かすアート思考,町田 裕治,[object Object],思考法,アート;創造性;ビジネス,unread,,false
gbz799cvssd1,2026-05-25T04:08:03.283Z,2026-05-26T06:48:55.262Z,2026-05-26T06:48:55.262Z,2026-05-26T06:48:55.262Z,無くならない アートとデザインの間,佐藤 直樹,[object Object],その他,デザイン;芸術;クリエイティブ,unread,,false
w7kjrhq7djv,2026-05-25T04:08:03.283Z,2026-05-26T06:48:55.245Z,2026-05-26T06:48:55.245Z,2026-05-26T06:48:55.245Z,仕事選びのアートとサイエンス,山口 周,[object Object],経営学,キャリア;意思決定;転職,unread,,false
a9ort170n46,2026-05-25T04:08:03.283Z,2026-05-26T06:48:55.256Z,2026-05-26T06:48:55.256Z,2026-05-26T06:48:55.256Z,バカ論,ビートたけし,[object Object],その他,人生論;社会批評;芸人,unread,,false
xpb6-ih9xf,2026-05-25T04:08:03.283Z,2026-05-26T06:48:55.233Z,2026-05-26T06:48:55.233Z,2026-05-26T06:48:55.233Z,最高の勉強法,安川 康介,[object Object],思考法,学習法;科学的根拠;スキルアップ,unread,,false
ly8-mw0dof1,2026-05-25T04:08:03.283Z,2026-05-26T06:48:55.281Z,2026-05-26T06:48:55.281Z,2026-05-26T06:48:55.281Z,CSS設計完全ガイド,半田 惇志,[object Object],プログラミング,Webデザイン;CSS;エンジニアリング,unread,,false
0zwo_ft-s3,2026-05-25T04:08:03.283Z,2026-05-26T06:48:55.287Z,2026-05-26T06:48:55.287Z,2026-05-26T06:48:55.287Z,人がうごく コンテンツのつくり方,高瀬 敦也,[object Object],経営学,マーケティング;企画;コンテンツ,unread,,false
ikjfuo7-cgoc,2026-05-25T04:08:03.283Z,2026-05-26T06:48:55.301Z,2026-05-26T06:48:55.301Z,2026-05-26T06:48:55.301Z,DX進化論,"尾原 和啓,宮田 裕章,山口 周",[object Object],その他,DX;デジタル変革;ビジネス,unread,,false
fy72rxam1c,2026-05-25T04:08:03.283Z,2026-05-26T06:48:55.269Z,2026-05-26T06:48:55.269Z,2026-05-26T06:48:55.269Z,いまこそ知りたいDX戦略,石角 友愛,[object Object],その他,DX;デジタル変革;ビジネス,unread,,false
dd7t9g3zo,2026-05-25T04:08:03.283Z,2026-05-26T06:48:55.305Z,2026-05-26T06:48:55.305Z,2026-05-26T06:48:55.305Z,ダーウィンの呪い,千葉 聡,[object Object],生物学,進化論;科学;現代思想,unread,,false
16yk49pbo,2026-05-25T04:08:03.283Z,2026-05-26T06:48:55.26Z,2026-05-26T06:48:55.26Z,2026-05-26T06:48:55.26Z,デザイン入門教室,坂本 伸二,[object Object],デザイン,,unread,,false
9l0l3qoqb9e,2026-05-25T04:08:03.283Z,2026-05-26T06:48:55.31Z,2026-05-26T06:48:55.31Z,2026-05-26T06:48:55.31Z,DIE WITH ZERO ゼロで死ね。,ビル・パーキンス,[object Object],自己啓発,人生論;お金;幸福,unread,,false
s352vzaa1x1,2026-05-25T04:08:03.283Z,2026-05-26T06:48:55.236Z,2026-05-26T06:48:55.236Z,2026-05-26T06:48:55.236Z,稼ぐ力,大前 研一,[object Object],自己啓発,キャリア;仕事術;経済環境,unread,,false
0rsehttfb04d,2026-05-25T04:08:03.283Z,2026-05-26T06:48:55.284Z,2026-05-26T06:48:55.284Z,2026-05-26T06:48:55.284Z,本質を見抜く「考え方」,中西 輝政,[object Object],思考法,判断力;教養;国際政治,unread,,false
v24btg9i6hq,2026-05-25T04:08:03.283Z,2026-05-26T06:48:55.289Z,2026-05-26T06:48:55.289Z,2026-05-26T06:48:55.289Z,エッセンシャル思考,グレッグ・マキューン,[object Object],思考法,生産性;ミニマリズム;選択と集中,unread,,false
3wq79mjux4_j,2026-05-25T04:08:03.283Z,2026-05-26T06:48:55.308Z,2026-05-26T06:48:55.308Z,2026-05-26T06:48:55.308Z,体験格差,今井 悠介,[object Object],社会学,貧困;教育;格差社会,unread,,false
gopdhif_3x,2026-05-25T04:08:03.283Z,2026-05-26T06:48:55.242Z,2026-05-26T06:48:55.242Z,2026-05-26T06:48:55.242Z,正義を振りかざす「極端な人」の正体,山口 真一,[object Object],社会学,SNS;心理;炎上,unread,,false
wq9-0hbyfuo1,2026-05-25T04:08:03.283Z,2026-05-26T06:48:55.252Z,2026-05-26T06:48:55.252Z,2026-05-26T06:48:55.252Z,FACTFULNESS ,ハンス・ロスリング,[object Object],経済学,データ;世界情勢;教養,unread,,false
gck40puwn,2026-05-25T04:08:03.283Z,2026-05-26T06:48:55.266Z,2026-05-26T06:48:55.266Z,2026-05-26T06:48:55.266Z,フェイク,中野 信子,[object Object],その他,情報リテラシー;心理学;現代社会,unread,,false
abrzkt2xsqr3,2026-05-25T04:08:03.283Z,2026-05-26T06:48:55.248Z,2026-05-26T06:48:55.248Z,2026-05-26T06:48:55.248Z,ファスト教養,レジー,[object Object],社会学,現代文化;教養;消費社会,unread,,false
8rkac_k1q3,2026-05-25T04:08:03.283Z,2026-05-26T06:48:55.239Z,2026-05-26T06:48:55.239Z,2026-05-26T06:48:55.239Z,はじめて世に出る青年へ,渋沢 栄一,[object Object],自己啓発,自己啓発;人生論;古典,unread,,false
6fngwj9ti,2026-05-25T04:08:03.283Z,2026-05-26T06:48:55.223Z,2026-05-26T06:48:55.223Z,2026-05-26T06:48:55.223Z,忘れる読書,落合陽一,[object Object],その他,読書論;知識;情報社会,unread,,false
rajn9_rx_r,2026-05-25T04:08:03.283Z,2026-05-26T06:48:55.295Z,2026-05-26T06:48:55.295Z,2026-05-26T06:48:55.295Z,フリーエージェント社会の到来,ダニエル・ピンク,[object Object],社会学,働き方;未来予測;キャリア,unread,,false
698cnzuyxkm,2026-05-25T04:08:03.283Z,2026-05-26T06:48:55.271Z,2026-05-26T06:48:55.271Z,2026-05-26T06:48:55.271Z,起業家,藤田晋,[object Object],自己啓発,起業;キャリア;実業家,unread,,false
h-kaqmfk05qy,2026-05-25T04:08:03.283Z,2026-05-26T06:48:55.254Z,2026-05-26T06:48:55.254Z,2026-05-26T06:48:55.254Z,GAFAMのエンジニア思考,アレックス・カントロウィッツ,[object Object],思考法,IT企業;働き方;イノベーション,unread,,false
ag648btr_93,2026-05-25T04:08:03.283Z,2026-05-26T06:54:14.709Z,2026-05-26T06:54:14.709Z,2026-05-26T06:54:14.709Z,GIVE & TAKE,アダム・グラント,[object Object],心理学,成功;人間関係;組織論,unread,,false
h8r58x44rbb,2026-05-25T04:08:03.283Z,2026-05-26T06:54:14.737Z,2026-05-26T06:54:14.737Z,2026-05-26T06:54:14.737Z,ハーバードの美意識を磨く授業,ポーリーン・ブラウン,[object Object],その他,美意識;教養;ハーバード,unread,,false
fy_h74fiph,2026-05-25T04:08:03.283Z,2026-05-26T06:54:14.711Z,2026-05-26T06:54:14.711Z,2026-05-26T06:54:14.711Z,アイデアのつくり方,ジェームス・W・ヤング,[object Object],思考法,発想法;クリエイティブ;古典,unread,,false
86j3tq1y5zw,2026-05-25T04:08:03.283Z,2026-05-26T06:54:14.702Z,2026-05-26T06:54:14.702Z,2026-05-26T06:54:14.702Z,本はどう読むか,清水 幾太郎,[object Object],その他,読書術;教養;古典,unread,,false
r1m82qqbn,2026-05-25T04:08:03.283Z,2026-05-26T06:54:14.707Z,2026-05-26T06:54:14.707Z,2026-05-26T06:54:14.707Z,いかにして問題をとくか,ジョージ・P・ポリア,[object Object],思考法,問題解決;数学;古典,unread,,false
79-48msigx6,2026-05-25T04:08:03.283Z,2026-05-26T06:54:14.718Z,2026-05-26T06:54:14.718Z,2026-05-26T06:54:14.718Z,百人一首 - 編纂がひらく小宇宙,田淵句美子,[object Object],その他,文学;和歌;古典,unread,,false
l9xvccry4,2026-05-25T04:08:03.283Z,2026-05-26T06:54:14.683Z,2026-05-26T06:54:14.683Z,2026-05-26T06:54:14.683Z,「意識の量」を増やせ！,齋藤 孝,[object Object],その他,自己啓発;マインドセット;成長,unread,,false
3s-yoikiboot,2026-05-25T04:08:03.283Z,2026-05-26T06:54:14.721Z,2026-05-26T06:54:14.721Z,2026-05-26T06:54:14.721Z,室内生活,楠木 建,[object Object],その他,エッセイ;読書論;日常,unread,,false
bz3ug7jw3kx,2026-05-25T04:08:03.283Z,2026-05-26T06:54:14.724Z,2026-05-26T06:54:14.724Z,2026-05-26T06:54:14.724Z,不倫と正義,"中野信子,三浦瑠麗",[object Object],社会学,倫理;心理学;現代社会,unread,,false
a-2lxaasn7,2026-05-25T04:08:03.283Z,2026-05-26T06:54:14.697Z,2026-05-26T06:54:14.697Z,2026-05-26T06:54:14.697Z,学び効率が最大化する インプット大全,樺沢 紫苑,[object Object],思考法,学習法;脳科学;効率化,unread,,false
3cbqgigewb,2026-05-25T04:08:03.283Z,2026-05-26T06:54:14.735Z,2026-05-26T06:54:14.735Z,2026-05-26T06:54:14.735Z,知的複眼思考法,苅谷 剛彦,[object Object],思考法,批判的思考;論理的思考;視点,unread,,false
zgmf-b641e,2026-05-25T04:08:03.283Z,2026-05-26T06:54:14.727Z,2026-05-26T06:54:14.727Z,2026-05-26T06:54:14.727Z,知的生活のすゝめ,齋藤 孝,[object Object],その他,教養;ライフスタイル;読書,unread,,false
2nm1lpts4b,2026-05-25T04:08:03.283Z,2026-05-26T06:54:14.69Z,2026-05-26T06:54:14.69Z,2026-05-26T06:54:14.69Z,東大教授が教える知的に考える練習,柳川 範之,[object Object],思考法,論理的思考;批判的思考;教育,unread,,false
tdc-2nuc5m01,2026-05-25T04:08:03.283Z,2026-05-26T06:54:14.732Z,2026-05-26T06:54:14.732Z,2026-05-26T06:54:14.732Z,「話が面白い人」は何をどう読んでいるのか？,三宅香帆,[object Object],その他,読書論;コミュニケーション;教養,unread,,false
1jpt0az7ux-z,2026-05-25T04:08:03.283Z,2026-05-26T06:54:14.729Z,2026-05-26T06:54:14.729Z,2026-05-26T06:54:14.729Z,入門! 論理学,野矢 茂樹,[object Object],哲学,論理学;入門書;思考,unread,,false
19-p_-ju7_n,2026-05-25T04:08:03.283Z,2026-05-26T06:54:14.714Z,2026-05-26T06:54:14.714Z,2026-05-26T06:54:14.714Z,日本の半導体四〇年,菊池 誠,[object Object],歴史学,技術史;産業;半導体,unread,,false
fzm1sadjv5,2026-05-25T04:08:03.283Z,2026-05-26T06:54:14.673Z,2026-05-26T06:54:14.673Z,2026-05-26T06:54:14.673Z,日本企業はなぜ「強み」を捨てるのか,岩尾 俊兵,[object Object],経営学,日本経済;組織論;イノベーション,unread,,false
4gh4vn7z-l,2026-05-25T04:08:03.283Z,2026-05-26T06:54:14.739Z,2026-05-26T06:54:14.739Z,2026-05-26T06:54:14.739Z,日本の難点,宮台 真司,[object Object],社会学,社会問題;政治;論評,unread,,false
18hxk14nyg88,2026-05-25T04:08:03.283Z,2026-05-26T06:54:14.743Z,2026-05-26T06:54:14.743Z,2026-05-26T06:54:14.743Z,ワナの就活,石渡 嶺司,[object Object],その他,就職活動;キャリア;社会問題,unread,,false
6qv6awo5pzo,2026-05-25T04:08:03.283Z,2026-05-26T06:54:14.704Z,2026-05-26T06:54:14.704Z,2026-05-26T06:54:14.704Z,仮面の告白,三島 由紀夫,[object Object],その他,文学;小説;古典,unread,,false
ve1ert6s5d,2026-05-25T04:08:03.283Z,2026-05-26T06:54:14.692Z,2026-05-26T06:54:14.692Z,2026-05-26T06:54:14.692Z,キーエンス解剖,西岡 杏,[object Object],経営学,企業研究;高収益;組織,unread,,false
n5p9_fmbnbm,2026-05-25T04:08:03.283Z,2026-05-26T06:54:14.686Z,2026-05-26T06:54:14.686Z,2026-05-26T06:54:14.686Z,農業再生人間再生,"木村秋則,宇城憲治",[object Object],その他,農業;環境;ノンフィクション,unread,,false
1_2mgisfy8,2026-05-25T04:08:03.283Z,2026-05-26T06:54:14.695Z,2026-05-26T06:54:14.695Z,2026-05-26T06:54:14.695Z,知の体力,永田和宏,[object Object],思考法,知識;学問;教養,unread,,false
q8fea9jvv0h,2026-05-25T04:08:03.283Z,2026-05-26T06:54:14.7Z,2026-05-26T06:54:14.7Z,2026-05-26T06:54:14.7Z,こうやって考える。,外山 滋比古,[object Object],思考法,思考;アイデア;教養,unread,,false
f1wv5dnh8rw,2026-05-25T04:08:03.283Z,2026-05-26T06:54:14.716Z,2026-05-26T06:54:14.716Z,2026-05-26T06:54:14.716Z,自由になるための技術リベラルアーツ,山口 周,[object Object],その他,教養;思考法;人生論,unread,,false
h_w47v8nbox,2026-05-25T04:08:03.283Z,2026-05-26T06:59:24.848Z,2026-05-26T06:59:24.848Z,2026-05-26T06:59:24.848Z,ロジカル・シンキング,"照屋 華子,岡田 恵子",[object Object],思考法,論理的思考;ビジネススキル;問題解決,unread,,false
qekobjqeopf,2026-05-25T04:08:03.283Z,2026-05-26T06:59:24.864Z,2026-05-26T06:59:24.864Z,2026-05-26T06:59:24.864Z,論理的思考とは何か,渡邉 雅子,[object Object],思考法,論理;教育;比較文化,unread,,false
pdy52tmzh2i,2026-05-25T04:08:03.283Z,2026-05-26T06:59:24.835Z,2026-05-26T06:59:24.835Z,2026-05-26T06:59:24.835Z,論理トレーニング,野矢 茂樹,[object Object],思考法,論理学;国語力;実践,unread,,false
bap60dei-w6e,2026-05-25T04:08:03.283Z,2026-05-26T06:59:24.855Z,2026-05-26T06:59:24.855Z,2026-05-26T06:59:24.855Z,その幸運は偶然ではないんです！,J.D.クランボルツ,[object Object],心理学,キャリア;偶発性;人生論,unread,,false
5ye7d0_gb8,2026-05-25T04:08:03.283Z,2026-05-26T06:59:24.829Z,2026-05-26T06:59:24.829Z,2026-05-26T06:59:24.829Z,メタ認知,三宮真智子,[object Object],心理学,自己理解;学習法;思考力,unread,,false
w5qn7i_hao6k,2026-05-25T04:08:03.283Z,2026-05-26T06:59:24.817Z,2026-05-26T06:59:24.817Z,2026-05-26T06:59:24.817Z,母という呪縛 娘という牢獄,齊藤 彩,[object Object],社会学,親子関係;心理;ノンフィクション,unread,,false
gl_9bogdeg,2026-05-25T04:08:03.283Z,2026-05-26T06:59:24.796Z,2026-05-26T06:59:24.796Z,2026-05-26T06:59:24.796Z,NEWTYPY ニュータイプの時代,山口 周,[object Object],その他,未来予測;社会変化;教養,unread,,false
lbbm_y11bm,2026-05-25T04:08:03.283Z,2026-05-26T06:59:24.838Z,2026-05-26T06:59:24.838Z,2026-05-26T06:59:24.838Z,「普通がいい」という病,泉谷 閑示,[object Object],心理学,精神医学;生き方;適応,unread,,false
oi_eohmgm,2026-05-25T04:08:03.283Z,2026-05-26T06:59:24.813Z,2026-05-26T06:59:24.813Z,2026-05-26T06:59:24.813Z,一勝九敗,柳生 正,[object Object],その他,ビジネス;成功哲学;実業家,unread,,false
frxpq1nqhs,2026-05-25T04:08:03.283Z,2026-05-26T06:59:24.842Z,2026-05-26T06:59:24.842Z,2026-05-26T06:59:24.842Z,企業評価の組織論的研究,藤田 誠,[object Object],経営学,組織論;企業価値;研究書,unread,,false
mlh27r9ky,2026-05-25T04:08:03.283Z,2026-05-26T06:59:24.807Z,2026-05-26T06:59:24.807Z,2026-05-26T06:59:24.807Z,ORIGINALS 誰もが「人と違うこと」ができる時代,アダム・グラント,[object Object],経営学,独創性;イノベーション;リーダーシップ,unread,,false
i8h54lfm_8pu,2026-05-25T04:08:03.283Z,2026-05-26T06:59:24.832Z,2026-05-26T06:59:24.832Z,2026-05-26T06:59:24.832Z,アウトプット大全,樺沢 紫苑,[object Object],その他,アウトプット;コミュニケーション;スキルアップ,unread,,false
vy64mm44e_8,2026-05-25T04:08:03.283Z,2026-05-26T06:59:24.822Z,2026-05-26T06:59:24.822Z,2026-05-26T06:59:24.822Z,過去を「巨視」して未来を考える,落合 陽一,[object Object],自己啓発,未来予測;歴史;思考法,unread,,false
0u0a8_2m3,2026-05-25T04:08:03.283Z,2026-05-26T06:59:24.845Z,2026-05-26T06:59:24.845Z,2026-05-26T06:59:24.845Z,原っぱと遊園地,青木 淳,[object Object],その他,建築;デザイン;空間論,unread,,false
ogk5_jjnrx,2026-05-25T04:08:03.283Z,2026-05-26T06:59:24.82Z,2026-05-26T06:59:24.82Z,2026-05-26T06:59:24.82Z,貧困と脳,鈴木 大介,[object Object],社会学,脳科学;格差;ルポルタージュ,unread,,false
gs5kt3eje8o,2026-05-25T04:08:03.283Z,2026-05-26T06:59:24.856Z,2026-05-26T06:59:24.856Z,2026-05-26T06:59:24.856Z,2030年: すべてが「加速」する世界に備えよ,ピーター・ディアマンディス,[object Object],経済学,未来予測;テクノロジー;ビジネス,unread,,false
3u_ommcgc,2026-05-25T04:08:03.283Z,2026-05-26T06:59:24.825Z,2026-05-26T06:59:24.825Z,2026-05-26T06:59:24.825Z,問題解決プロフェッショナル,齋藤 嘉則,[object Object],思考法,コンサルティング;ロジカルシンキング;ビジネススキル,unread,,false
0m4tesshrl01,2026-05-25T04:08:03.283Z,2026-05-26T06:59:24.866Z,2026-05-26T06:59:24.866Z,2026-05-26T06:59:24.866Z,C実践プログラミング,Steve Oualline,[object Object],プログラミング,C言語;技術書;ソフトウェア開発,unread,,false
6xskr53y6vh,2026-05-25T04:08:03.283Z,2026-05-26T06:59:24.858Z,2026-05-26T06:59:24.858Z,2026-05-26T06:59:24.858Z,教養 心理学,金敷 大之,[object Object],心理学,入門;教科書;科学,unread,,false
g1vnzctaqi,2026-05-25T04:08:03.283Z,2026-05-26T06:59:24.81Z,2026-05-26T06:59:24.81Z,2026-05-26T06:59:24.81Z,Pthreadsプログラミング,Bradford Nichols,[object Object],プログラミング,並列処理;C言語;技術書,unread,,false
g9_nq1amc,2026-05-25T04:08:03.283Z,2026-05-26T06:59:24.868Z,2026-05-26T06:59:24.868Z,2026-05-26T06:59:24.868Z,RANGE 知識の「幅」が最強の武器になる,デイビッド・エプスタイン,[object Object],自己啓発,多様性;専門性;成功哲学,unread,,false
5plij-sux,2026-05-25T04:08:03.283Z,2026-05-26T06:59:24.849Z,2026-05-26T06:59:24.849Z,2026-05-26T06:59:24.849Z,なぜ、読解力が必要なのか？,池上 彰,[object Object],その他,読解力;教育;社会問題,unread,,false
ulf_g3s6887,2026-05-25T04:08:03.283Z,2026-05-26T06:59:24.83Z,2026-05-26T06:59:24.83Z,2026-05-26T06:59:24.83Z,読書する人だけがたどり着ける場所,齋藤 孝,[object Object],その他,読書論;教養;知性,unread,,false
u9hvqmzdwma,2026-05-25T04:08:03.283Z,2026-05-26T06:59:24.861Z,2026-05-26T06:59:24.861Z,2026-05-26T06:59:24.861Z,遅読家のための読書術,印南 敦史,[object Object],その他,読書術;フロー・リーディング;習慣,unread,,false
vwx23yzl3u,2026-05-25T04:08:03.283Z,2026-05-26T06:59:24.853Z,2026-05-26T06:59:24.853Z,2026-05-26T06:59:24.853Z,「認められたい」の正体,山竹 伸二,[object Object],心理学,承認欲求;人間関係;現代社会,unread,,false
7me6rc65qip,2026-05-25T04:08:03.283Z,2026-05-26T07:04:45.311Z,2026-05-26T07:04:45.311Z,2026-05-26T07:04:45.311Z,生贄探し,"中野 信子,ヤマザキマリ",[object Object],社会学,社会心理学;スケープゴート;現代社会,unread,,false
3axqpr--cs,2026-05-25T04:08:03.283Z,2026-05-26T07:04:45.341Z,2026-05-26T07:04:45.341Z,2026-05-26T07:04:45.341Z,科学的な適職,鈴木 祐,[object Object],その他,キャリア;適職診断;自己分析,unread,,false
vbuotc5wzn,2026-05-25T04:08:03.283Z,2026-05-26T07:04:45.29Z,2026-05-26T07:04:45.29Z,2026-05-26T07:04:45.29Z,正欲,朝井 リョウ,[object Object],その他,小説;多様性;社会派,unread,,false
6xuwdoe93,2026-05-25T04:08:03.283Z,2026-05-26T07:04:45.325Z,2026-05-26T07:04:45.325Z,2026-05-26T07:04:45.325Z,死にがいを求めて生きているの,朝井 リョウ,[object Object],その他,小説;現代社会;生き方,unread,,false
xvm3loyh2,2026-05-25T04:08:03.283Z,2026-05-26T07:04:45.302Z,2026-05-26T07:04:45.302Z,2026-05-26T07:04:45.302Z,乱読のセレンディピティ,外山 滋比古,[object Object],思考法,読書論;偶然;創造性,unread,,false
b2quzktxi,2026-05-25T04:08:03.283Z,2026-05-26T07:04:45.287Z,2026-05-26T07:04:45.287Z,2026-05-26T07:04:45.287Z,スマホ脳,アンデシュ・ハンセン,[object Object],その他,脳科学;スマホ依存;現代社会,unread,,false
a3r9h0nwe,2026-05-25T04:08:03.283Z,2026-05-26T07:04:45.313Z,2026-05-26T07:04:45.313Z,2026-05-26T07:04:45.313Z,スパークする思考,内田 和成,[object Object],思考法,発想;右脳;ビジネス,unread,,false
l478oh3qo7,2026-05-25T04:08:03.283Z,2026-05-26T07:04:45.346Z,2026-05-26T07:04:45.346Z,2026-05-26T07:04:45.346Z,超速読力,齋藤 孝,[object Object],その他,読書術;速読;情報収集,unread,,false
auu_sdf62,2026-05-25T04:08:03.283Z,2026-05-26T07:04:45.331Z,2026-05-26T07:04:45.331Z,2026-05-26T07:04:45.331Z,スタンフォード式 人生デザイン講座,ビル・バーネット,[object Object],思考法,デザイン思考;キャリア;ライフプラン,unread,,false
rz584-6auag,2026-05-25T04:08:03.283Z,2026-05-26T07:04:45.306Z,2026-05-26T07:04:45.306Z,2026-05-26T07:04:45.306Z,STARTUP 優れた起業家は何を考え、どう行動したか,堀 新一郎,[object Object],経営学,起業;スタートアップ;実践,unread,,false
ifh5z9ukr,2026-05-25T04:08:03.283Z,2026-05-26T07:04:45.336Z,2026-05-26T07:04:45.336Z,2026-05-26T07:04:45.336Z,戦略的思考トレーニング,三坂 健,[object Object],思考法,戦略;クイズ;ビジネス脳,unread,,false
2vg81918hma,2026-05-25T04:08:03.283Z,2026-05-26T07:04:45.299Z,2026-05-26T07:04:45.299Z,2026-05-26T07:04:45.299Z,戦略的思考とは何か,岡崎 久彦,[object Object],政治学,戦略論;外交;リーダーシップ,unread,,false
vbm1a9khmz,2026-05-25T04:08:03.283Z,2026-05-26T07:04:45.282Z,2026-05-26T07:04:45.282Z,2026-05-26T07:04:45.282Z,「暗記する」戦略思考,高松 智史,[object Object],思考法,コンサル思考;スキル;暗記,unread,,false
63le21iti,2026-05-25T04:08:03.283Z,2026-05-26T07:04:45.348Z,2026-05-26T07:04:45.348Z,2026-05-26T07:04:45.348Z,現代語訳 学問のすすめ,福沢 諭吉,[object Object],その他,教養;自己啓発;古典,unread,,false
185c2iqwiwj,2026-05-25T04:08:03.283Z,2026-05-26T07:04:45.344Z,2026-05-26T07:04:45.344Z,2026-05-26T07:04:45.344Z,「超」勉強力,"中野 信子,山口真由",[object Object],その他,勉強法;脳科学;自己啓発,unread,,false
8fd3v8_5fd6j,2026-05-25T04:08:03.283Z,2026-05-26T07:04:45.334Z,2026-05-26T07:04:45.334Z,2026-05-26T07:04:45.334Z,さあ、才能(じぶん)に目覚めよう 新版,トム・ラス,[object Object],経営学,ストレングスファインダー;自己分析;キャリア,unread,,false
wovah-eeta6,2026-05-25T04:08:03.283Z,2026-05-26T07:04:45.328Z,2026-05-26T07:04:45.328Z,2026-05-26T07:04:45.328Z,生きる言葉,俵万智,[object Object],その他,エッセイ;言葉;人生論,unread,,false
an5qw2kw3d,2026-05-25T04:08:03.283Z,2026-05-26T07:04:45.308Z,2026-05-26T07:04:45.308Z,2026-05-26T07:04:45.308Z,THINK AGAIN,アダム・グラント,[object Object],自己啓発,思考の柔軟性;学習;変化,unread,,false
zvtdv76o894,2026-05-25T04:08:03.283Z,2026-05-26T07:04:45.317Z,2026-05-26T07:04:45.317Z,2026-05-26T07:04:45.317Z,半歩先を読む思考法,落合陽一,[object Object],思考法,未来予測;戦略思考;テクノロジー,unread,,false
1aphh90w1,2026-05-25T04:08:03.283Z,2026-05-26T07:04:45.273Z,2026-05-26T07:04:45.273Z,2026-05-26T07:04:45.273Z,思考のコンパス,山口 周,[object Object],思考法,抽象思考;アート;未来,unread,,false
xqzj_dq4idwu,2026-05-25T04:08:03.283Z,2026-05-26T07:04:45.297Z,2026-05-26T07:04:45.297Z,2026-05-26T07:04:45.297Z,思考中毒になる！,齋藤孝,[object Object],思考法,思考力;自己啓発;習慣,unread,,false
nrobenk8z7,2026-05-25T04:08:03.283Z,2026-05-26T07:04:45.319Z,2026-05-26T07:04:45.319Z,2026-05-26T07:04:45.319Z,なぜ、いま思考力が必要なのか？,池上 彰,[object Object],その他,思考力;教育;社会問題,unread,,false
lagfeqvf3qg,2026-05-25T04:08:03.283Z,2026-05-26T07:04:45.339Z,2026-05-26T07:04:45.339Z,2026-05-26T07:04:45.339Z,考える技術・書く技術,バーバラ ミント,[object Object],思考法,ロジカルシンキング;文章術;ビジネススキル,unread,,false
j9ms0_wg5y,2026-05-25T04:08:03.283Z,2026-05-26T07:04:45.321Z,2026-05-26T07:04:45.321Z,2026-05-26T07:04:45.321Z,共に生きるということ,緒方貞子,[object Object],その他,国際協力;人道支援;ノンフィクション,unread,,false
hjkxtlrrw6u,2026-05-25T04:08:03.283Z,2026-05-26T07:04:45.294Z,2026-05-26T07:04:45.294Z,2026-05-26T07:04:45.294Z,東京藝大美術学部 究極の思考,増村岳史,[object Object],思考法,芸術思考;創造性;教育,unread,,false
9lr5n_gxr,2026-05-25T04:08:03.283Z,2026-05-26T07:09:50.005Z,2026-05-26T07:09:50.005Z,2026-05-26T07:09:50.005Z,職場を腐らせる人たち,片田 珠美,[object Object],心理学,職場環境;精神分析;人間関係,unread,,false
48dk2e_xj2,2026-05-25T04:08:03.283Z,2026-05-26T07:09:49.98Z,2026-05-26T07:09:49.98Z,2026-05-26T07:09:49.98Z,UIデザインの教科書,原田 秀司,[object Object],コンピュータサイエンス,UI/UX;デザイン;Web制作,unread,,false
49gl1f_sisfg,2026-05-25T04:08:03.283Z,2026-05-26T07:09:49.965Z,2026-05-26T07:09:49.965Z,2026-05-26T07:09:49.965Z,UI/UXデザインの原則,平石 大祐,[object Object],コンピュータサイエンス,UI/UX;デザイン思考;原則,unread,,false
pu0v1v6zj,2026-05-25T04:08:03.283Z,2026-05-26T07:09:50.018Z,2026-05-26T07:09:50.018Z,2026-05-26T07:09:50.018Z,無理ゲー社会,橘 玲,[object Object],社会学,格差社会;遺伝;現代社会,unread,,false
0g3g51cql2mo,2026-05-25T04:08:03.283Z,2026-05-26T07:09:49.968Z,2026-05-26T07:09:49.968Z,2026-05-26T07:09:49.968Z,勉強の価値,森 博嗣,[object Object],その他,学習論;価値観;知的好奇心,unread,,false
of2-3h4kgb,2026-05-25T04:08:03.283Z,2026-05-26T07:09:50.011Z,2026-05-26T07:09:50.011Z,2026-05-26T07:09:50.011Z,言葉にできるは武器になる,梅田悟司 ,[object Object],その他,コミュニケーション;表現力;自己啓発,unread,,false
vqrae67l19dy,2026-05-25T04:08:03.283Z,2026-05-26T07:09:50.002Z,2026-05-26T07:09:50.002Z,2026-05-26T07:09:50.002Z,Web3とDAO,亀井 聡彦,[object Object],コンピュータサイエンス,ブロックチェーン;Web3;組織論,unread,,false
hvafvp7xw,2026-05-25T04:08:03.283Z,2026-05-26T07:09:49.962Z,2026-05-26T07:09:49.962Z,2026-05-26T07:09:49.962Z,仕事ができるとはどういうことか,楠木 建,[object Object],経営学,仕事術;センス;スキル,unread,,false
uirxng-u4gs,2026-05-25T04:08:03.283Z,2026-05-26T07:09:50.025Z,2026-05-26T07:09:50.025Z,2026-05-26T07:09:50.025Z,生物はなぜ死ぬのか,小林武彦,[object Object],生物学,老化;進化;生命科学,unread,,false
zehf35tzdyhh,2026-05-25T04:08:03.283Z,2026-05-26T07:09:49.99Z,2026-05-26T07:09:49.99Z,2026-05-26T07:09:49.99Z,世界のエリートはなぜ「美意識」を鍛えるのか？,山口 周,[object Object],その他,美意識;教養;思考法,unread,,false
oi-j28a84v,2026-05-25T04:08:03.283Z,2026-05-26T07:09:49.992Z,2026-05-26T07:09:49.992Z,2026-05-26T07:09:49.992Z,人はなぜ「美しい」がわかるのか,橋本治,[object Object],その他,美学;哲学;芸術,unread,,false
wq5c6ri6olww,2026-05-25T04:08:03.283Z,2026-05-26T07:09:49.994Z,2026-05-26T07:09:49.994Z,2026-05-26T07:09:49.994Z,なぜヒトは学ぶのか,安藤寿康,[object Object],その他,学習論;教育;脳科学,unread,,false
2_ctlcdcmrbd,2026-05-25T04:08:03.283Z,2026-05-26T07:09:50.023Z,2026-05-26T07:09:50.023Z,2026-05-26T07:09:50.023Z,仕事と生活についての雑記,楠木 建,[object Object],その他,仕事論;ライフスタイル;エッセイ,unread,,false
5cw1k3ly7,2026-05-25T04:08:03.283Z,2026-05-26T07:09:50.013Z,2026-05-26T07:09:50.013Z,2026-05-26T07:09:50.013Z,世界一流エンジニアの思考法,牛尾剛,[object Object],思考法,エンジニアリング;問題解決;技術者,unread,,false
bk-p2pfxm,2026-05-25T04:08:03.283Z,2026-05-26T07:09:50.008Z,2026-05-26T07:09:50.008Z,2026-05-26T07:09:50.008Z,世界は経営でできている,岩尾 俊兵,[object Object],経営学,教養;社会の見方;組織,unread,,false
9cv8g9bivcx,2026-05-25T04:08:03.283Z,2026-05-26T07:09:49.987Z,2026-05-26T07:09:49.987Z,2026-05-26T07:09:49.987Z,ビジネスの未来,山口 周,[object Object],経営学,資本主義;未来予測;社会課題,unread,,false
6s_0rx7r5hi,2026-05-25T04:08:03.283Z,2026-05-26T07:09:50.017Z,2026-05-26T07:09:50.017Z,2026-05-26T07:09:50.017Z,これからの世界をつくる仲間たちへ,落合 陽一,[object Object],その他,未来;テクノロジー;メッセージ,unread,,false
jt02_v1cw,2026-05-25T04:08:03.283Z,2026-05-26T07:09:49.997Z,2026-05-26T07:09:49.997Z,2026-05-26T07:09:49.997Z,若きサムライのために,三島 由紀夫,[object Object],その他,エッセイ;精神論;古典,unread,,false
y4gtxtkswhr,2026-05-25T04:08:03.283Z,2026-05-26T07:09:49.974Z,2026-05-26T07:09:49.974Z,2026-05-26T07:09:49.974Z,ハイ・コンセプト,ダニエル・ピンク,[object Object],経営学,未来予測;キャリア;感性,unread,,false
qxu-vgmc7xs,2026-05-25T04:08:03.283Z,2026-05-26T07:09:49.983Z,2026-05-26T07:09:49.983Z,2026-05-26T07:09:49.983Z,ザ・ラストマン,川村隆,[object Object],その他,小説;SF;未来社会,unread,,false
hh7omeg-z,2026-05-25T04:08:03.283Z,2026-05-26T07:09:49.972Z,2026-05-26T07:09:49.972Z,2026-05-26T07:09:49.972Z,不勉強が身にしみる,長山 靖生,[object Object],その他,教養;勉強論;人生,unread,,false
aw3vl1jql6,2026-05-25T04:08:03.283Z,2026-05-26T07:09:50.021Z,2026-05-26T07:09:50.021Z,2026-05-26T07:09:50.021Z,「主体性」はなぜ伝わらないのか,武藤浩子,[object Object],その他,コミュニケーション;職場;人間関係,unread,,false
l0-y1wv87j0n,2026-05-25T04:08:03.283Z,2026-05-26T07:09:49.977Z,2026-05-26T07:09:49.977Z,2026-05-26T07:09:49.977Z,企業参謀,大前 研一,[object Object],経営学,経営戦略;ビジネススキル;実践,unread,,false
ntblodqiigh,2026-05-25T04:08:03.283Z,2026-05-26T07:09:49.998Z,2026-05-26T07:09:49.998Z,2026-05-26T07:09:49.998Z,何様,朝井 リョウ,[object Object],その他,小説;現代社会;人間関係,unread,,false
w02hu8evfj,2026-05-25T04:08:03.283Z,2026-05-26T07:09:50.015Z,2026-05-26T07:09:50.015Z,2026-05-26T07:09:50.015Z,何者,朝井 リョウ,[object Object],その他,小説;就活;現代社会,unread,,false
7x6i2h3mhge,2026-05-25T04:08:03.283Z,2026-05-26T07:13:14.148Z,2026-05-26T07:13:14.148Z,2026-05-26T07:13:14.148Z,働き方5.0,落合 陽一,[object Object],その他,働き方;未来予測;テクノロジー,unread,,false
db95rez4mr,2026-05-25T04:08:03.283Z,2026-05-26T07:13:14.165Z,2026-05-26T07:13:14.165Z,2026-05-26T07:13:14.165Z,好きなようにしてください,楠木 建,[object Object],その他,仕事論;人生論;エッセイ,unread,,false
czxvecj-j7bn,2026-05-25T04:08:03.283Z,2026-05-26T07:13:14.155Z,2026-05-26T07:13:14.155Z,2026-05-26T07:13:14.155Z,嫉妬論 - 民主社会に渦巻く情念を解剖する,山本圭,[object Object],その他,嫉妬;社会心理学;現代社会,unread,,false
99l_vto4c41d,2026-05-25T04:08:03.283Z,2026-05-26T07:13:14.181Z,2026-05-26T07:13:14.181Z,2026-05-26T07:13:14.181Z,客観性の落とし穴,村上靖彦,[object Object],その他,客観性;認知バイアス;思考法,unread,,false
58t-1iadf_-2,2026-05-25T04:08:03.283Z,2026-05-26T07:13:14.141Z,2026-05-26T07:13:14.141Z,2026-05-26T07:13:14.141Z,斜陽,太宰 治,[object Object],その他,小説;古典;文学,unread,,false
9pq-2l0gwvkv,2026-05-25T04:08:03.283Z,2026-05-26T07:13:14.185Z,2026-05-26T07:13:14.185Z,2026-05-26T07:13:14.185Z,書ける人だけが手にするもの,齋藤 孝,[object Object],その他,文章術;自己表現;スキル,unread,,false
ccr95b-2fz2,2026-05-25T04:08:03.283Z,2026-05-26T07:13:14.158Z,2026-05-26T07:13:14.158Z,2026-05-26T07:13:14.158Z,独学の思考法 地頭を鍛える「考える技術」,山野弘樹,[object Object],思考法,独学;思考力;自己啓発,unread,,false
u7qwb-kne,2026-05-25T04:08:03.283Z,2026-05-26T07:13:14.138Z,2026-05-26T07:13:14.138Z,2026-05-26T07:13:14.138Z,知的戦闘力を高める独学の技法,山口周,[object Object],その他,独学;知識習得;思考法,unread,,false
3ic59aobw,2026-05-25T04:08:03.283Z,2026-05-26T07:13:14.17Z,2026-05-26T07:13:14.17Z,2026-05-26T07:13:14.17Z,知ってるつもり,西林 克彦,[object Object],心理学,認知科学;知識;メタ認知,unread,,false
5bet50il_du,2026-05-25T04:08:03.283Z,2026-05-26T07:13:14.192Z,2026-05-26T07:13:14.192Z,2026-05-26T07:13:14.192Z,映画を早送りで観る人たち,稲田 豊史,[object Object],社会学,コンテンツ消費;現代社会;倍速視聴,unread,,false
i2v86avy8mw7,2026-05-25T04:08:03.283Z,2026-05-26T07:13:14.161Z,2026-05-26T07:13:14.161Z,2026-05-26T07:13:14.161Z,苦しかったときの話をしようか ,森岡 毅,[object Object],その他,起業;自己啓発;実話,unread,,false
3jp5bqwhtcz,2026-05-25T04:08:03.283Z,2026-05-26T07:13:14.126Z,2026-05-26T07:13:14.126Z,2026-05-26T07:13:14.126Z,草枕,夏目 漱石,[object Object],その他,小説;古典;文学,unread,,false
gc0iwq5esuv,2026-05-25T04:08:03.283Z,2026-05-26T07:13:14.151Z,2026-05-26T07:13:14.151Z,2026-05-26T07:13:14.151Z,新しい微分積分-上-,長岡亮介,[object Object],数学,微分積分;数学教育;入門,unread,,false
dy2qfvshy1,2026-05-25T04:08:03.283Z,2026-05-26T07:13:14.173Z,2026-05-26T07:13:14.173Z,2026-05-26T07:13:14.173Z,新しい微分積分-下-,長岡亮介,[object Object],数学,微分積分;数学教育;入門,unread,,false
bem_euzd9v,2026-05-25T04:08:03.283Z,2026-05-26T07:13:14.188Z,2026-05-26T07:13:14.188Z,2026-05-26T07:13:14.188Z,理科系の作文技術,木下是雄,[object Object],その他,文章術;科学コミュニケーション;技術書,unread,,false
7b_1ylocm,2026-05-25T04:08:03.283Z,2026-05-26T07:13:14.167Z,2026-05-26T07:13:14.167Z,2026-05-26T07:13:14.167Z,Steve Jobs,Walter Isaacson,[object Object],その他,伝記;テクノロジー;ビジネス,unread,,false
t2l43nrq3n,2026-05-25T04:08:03.283Z,2026-05-26T07:13:14.176Z,2026-05-26T07:13:14.176Z,2026-05-26T07:13:14.176Z,はじめての情報理論第二版,稲井 寛,[object Object],コンピュータサイエンス,情報理論;通信工学;入門,unread,,false
pb2a5-10ty,2026-05-25T04:08:03.283Z,2026-05-26T07:13:14.144Z,2026-05-26T07:13:14.144Z,2026-05-26T07:13:14.144Z,力と交換様式,柄谷行人,[object Object],哲学,力;交換様式;社会哲学,unread,,false
gjg5fsiszkli,2026-05-25T04:08:03.283Z,2026-05-26T07:13:14.178Z,2026-05-26T07:13:14.178Z,2026-05-26T07:13:14.178Z,なめらかな社会とその敵,鈴木健,[object Object],社会学,社会構造;格差;現代社会;PICSY,unread,,false
